"entrez1","entrez2"
"43","815"
"43","9421"
"54","968"
"58","59"
"58","81"
"58","207"
"58","375"
"58","1445"
"58","1650"
"58","1938"
"58","1974"
"58","1984"
"58","3315"
"58","3911"
"58","5201"
"58","5230"
"58","5913"
"58","6124"
"58","6175"
"58","6181"
"58","6203"
"58","7114"
"58","7135"
"58","7136"
"58","7169"
"58","9087"
"58","23708"
"58","56259"
"58","203068"
"58","221613"
"58","347733"
"59","81"
"59","1316"
"59","1938"
"59","1984"
"59","3315"
"59","5230"
"59","6124"
"59","6129"
"59","6175"
"59","6181"
"59","6203"
"59","6228"
"59","6722"
"59","7114"
"59","7169"
"59","9045"
"59","10095"
"59","23708"
"59","29920"
"59","203068"
"59","347733"
"81","160"
"81","207"
"81","815"
"81","1445"
"81","1460"
"81","1785"
"81","1938"
"81","2197"
"81","2782"
"81","2783"
"81","4191"
"81","4478"
"81","4637"
"81","5196"
"81","5230"
"81","5878"
"81","6124"
"81","6129"
"81","6132"
"81","6157"
"81","6181"
"81","6184"
"81","6418"
"81","6678"
"81","7114"
"81","7136"
"81","7140"
"81","7169"
"81","7249"
"81","7423"
"81","7450"
"81","9351"
"81","10095"
"81","10612"
"81","23521"
"81","203068"
"103","1958"
"103","3433"
"103","3660"
"103","3661"
"103","3665"
"103","4841"
"103","4869"
"103","5093"
"103","5692"
"103","6135"
"103","6187"
"103","11224"
"107","2492"
"107","2771"
"107","2783"
"107","2914"
"107","3265"
"107","3360"
"107","4852"
"107","6344"
"107","7852"
"107","79924"
"107","283869"
"160","409"
"160","815"
"160","933"
"160","1398"
"160","1460"
"160","1785"
"160","1938"
"160","1984"
"160","3123"
"160","5533"
"160","5869"
"160","5878"
"160","6184"
"160","6203"
"160","9230"
"160","23396"
"160","23521"
"160","51411"
"160","55040"
"207","375"
"207","409"
"207","572"
"207","677"
"207","815"
"207","1398"
"207","1445"
"207","1650"
"207","1938"
"207","1958"
"207","1978"
"207","2305"
"207","2314"
"207","2624"
"207","2771"
"207","2783"
"207","2997"
"207","3265"
"207","3315"
"207","3661"
"207","3674"
"207","3691"
"207","4170"
"207","4209"
"207","4478"
"207","4841"
"207","4869"
"207","5093"
"207","5268"
"207","5347"
"207","5525"
"207","5688"
"207","5692"
"207","5704"
"207","6129"
"207","6187"
"207","6203"
"207","6391"
"207","6654"
"207","6768"
"207","6774"
"207","6776"
"207","6794"
"207","7124"
"207","7169"
"207","7249"
"207","8440"
"207","8554"
"207","8570"
"207","8841"
"207","8877"
"207","10726"
"207","51177"
"207","84958"
"207","91608"
"207","203068"
"212","1757"
"212","4047"
"212","4191"
"212","4723"
"212","51024"
"241","963"
"241","968"
"241","3123"
"241","5355"
"241","6277"
"241","6916"
"241","7940"
"241","8673"
"259","973"
"308","1938"
"308","4478"
"308","5230"
"308","5479"
"308","10491"
"311","3122"
"311","6277"
"333","1363"
"333","7425"
"375","439"
"375","1163"
"375","1460"
"375","1514"
"375","1650"
"375","1778"
"375","1937"
"375","1938"
"375","1974"
"375","1984"
"375","2197"
"375","2782"
"375","2783"
"375","3123"
"375","3265"
"375","4478"
"375","4869"
"375","5093"
"375","5230"
"375","5347"
"375","5479"
"375","5533"
"375","5685"
"375","5688"
"375","5692"
"375","5704"
"375","5869"
"375","5878"
"375","6124"
"375","6132"
"375","6135"
"375","6138"
"375","6141"
"375","6156"
"375","6157"
"375","6161"
"375","6166"
"375","6167"
"375","6175"
"375","6181"
"375","6184"
"375","6187"
"375","6203"
"375","6228"
"375","6836"
"375","7385"
"375","9045"
"375","9230"
"375","10139"
"375","11224"
"375","23016"
"375","23396"
"375","23521"
"375","23708"
"375","29920"
"375","29927"
"375","51160"
"375","51272"
"375","51719"
"375","56342"
"375","60682"
"375","126003"
"375","203068"
"391","1445"
"391","1535"
"391","2771"
"391","3055"
"391","6654"
"391","6688"
"391","6774"
"391","7409"
"391","8428"
"391","9886"
"391","27237"
"391","55114"
"391","64333"
"391","89846"
"391","89941"
"407","409"
"407","2492"
"407","7852"
"409","1445"
"409","1778"
"409","1938"
"409","3055"
"409","4637"
"409","4841"
"409","5878"
"409","5905"
"409","6124"
"409","6129"
"409","6135"
"409","6141"
"409","6175"
"409","6181"
"409","7852"
"409","8241"
"409","9045"
"409","10726"
"409","11224"
"409","55114"
"434","50848"
"435","1650"
"435","2747"
"435","2783"
"435","5479"
"435","6124"
"435","6181"
"439","1460"
"439","1892"
"439","1937"
"439","1938"
"439","1984"
"439","2771"
"439","2782"
"439","2783"
"439","2968"
"439","3094"
"439","4141"
"439","4723"
"439","4841"
"439","5032"
"439","5093"
"439","5201"
"439","5441"
"439","5479"
"439","5685"
"439","5688"
"439","5692"
"439","5704"
"439","6124"
"439","6181"
"439","6183"
"439","6203"
"439","8078"
"439","8192"
"439","9189"
"439","9296"
"439","10200"
"439","10726"
"439","11224"
"439","11337"
"439","23640"
"439","23708"
"439","25828"
"439","26517"
"439","29927"
"439","51024"
"439","51477"
"439","56342"
"439","56915"
"439","56949"
"439","57819"
"439","80198"
"439","90522"
"439","116138"
"439","126003"
"439","203068"
"516","517"
"516","1350"
"516","1678"
"516","1892"
"516","1984"
"516","3418"
"516","4191"
"516","4696"
"516","4713"
"516","4716"
"516","4723"
"516","6183"
"516","6391"
"516","7385"
"516","9167"
"516","9377"
"516","9556"
"516","25828"
"516","26517"
"516","27089"
"516","54539"
"516","54948"
"516","63875"
"516","131474"
"517","1350"
"517","1984"
"517","4191"
"517","4713"
"517","4716"
"517","4723"
"517","6183"
"517","6391"
"517","7385"
"517","8241"
"517","9167"
"517","9377"
"517","26517"
"517","27089"
"517","54539"
"517","54948"
"537","3482"
"537","3916"
"537","9296"
"537","80762"
"547","28964"
"572","637"
"572","4170"
"572","5533"
"572","8739"
"572","11040"
"572","27113"
"602","4791"
"602","5971"
"602","6774"
"602","8841"
"637","1454"
"637","1460"
"637","4170"
"637","4478"
"637","8737"
"637","8878"
"637","27113"
"677","23016"
"677","51010"
"677","56915"
"684","3665"
"684","23438"
"733","3933"
"754","3916"
"754","284996"
"773","2782"
"773","2783"
"773","2896"
"773","5582"
"773","93589"
"773","347733"
"815","3265"
"815","3674"
"815","4209"
"815","6722"
"815","8831"
"815","8878"
"815","9746"
"815","28964"
"815","93589"
"924","1514"
"924","6693"
"933","968"
"933","971"
"933","973"
"933","6693"
"933","23495"
"954","5441"
"963","2678"
"963","3123"
"963","6693"
"967","3122"
"967","3482"
"967","3916"
"967","4478"
"967","6678"
"967","6722"
"968","1535"
"968","3108"
"968","6688"
"968","7450"
"971","973"
"971","3123"
"971","6402"
"973","1445"
"973","6402"
"973","6504"
"973","6654"
"973","23495"
"973","27040"
"973","89885"
"978","8824"
"978","56953"
"993","1163"
"993","1454"
"993","2305"
"993","3054"
"993","3265"
"993","4869"
"993","5347"
"993","5685"
"993","5688"
"993","5692"
"993","5704"
"993","6241"
"993","8888"
"993","9088"
"993","10726"
"993","23198"
"993","56342"
"1050","1628"
"1050","2624"
"1050","6688"
"1050","8554"
"1050","9112"
"1050","10538"
"1146","5913"
"1163","1460"
"1163","1650"
"1163","1663"
"1163","1937"
"1163","1938"
"1163","1974"
"1163","1984"
"1163","2189"
"1163","2305"
"1163","2483"
"1163","2782"
"1163","2783"
"1163","2968"
"1163","3833"
"1163","4141"
"1163","4841"
"1163","4869"
"1163","5032"
"1163","5093"
"1163","5094"
"1163","5347"
"1163","5441"
"1163","5479"
"1163","5685"
"1163","5688"
"1163","5692"
"1163","5704"
"1163","5869"
"1163","5878"
"1163","6124"
"1163","6129"
"1163","6132"
"1163","6134"
"1163","6135"
"1163","6138"
"1163","6156"
"1163","6157"
"1163","6161"
"1163","6166"
"1163","6175"
"1163","6181"
"1163","6183"
"1163","6184"
"1163","6187"
"1163","6203"
"1163","6241"
"1163","6418"
"1163","6455"
"1163","6604"
"1163","6667"
"1163","6836"
"1163","6902"
"1163","7360"
"1163","7374"
"1163","7584"
"1163","8841"
"1163","9031"
"1163","9045"
"1163","9088"
"1163","9189"
"1163","10095"
"1163","10419"
"1163","10460"
"1163","10514"
"1163","10714"
"1163","10726"
"1163","11224"
"1163","23234"
"1163","23438"
"1163","23521"
"1163","23633"
"1163","26517"
"1163","29920"
"1163","29927"
"1163","56259"
"1163","56342"
"1163","56915"
"1163","56949"
"1163","57048"
"1163","57819"
"1163","63875"
"1163","63922"
"1163","64946"
"1163","79031"
"1163","80198"
"1163","81611"
"1163","92799"
"1163","117246"
"1163","126003"
"1163","203068"
"1163","246721"
"1163","283989"
"1186","3916"
"1260","51305"
"1271","1398"
"1271","1489"
"1312","1460"
"1312","1621"
"1312","3094"
"1312","5409"
"1312","5997"
"1316","5230"
"1316","6181"
"1316","6667"
"1316","8841"
"1316","10092"
"1316","10095"
"1350","1678"
"1350","3094"
"1350","3418"
"1350","4191"
"1350","4696"
"1350","4713"
"1350","4716"
"1350","4723"
"1350","6183"
"1350","6391"
"1350","7385"
"1350","9167"
"1350","9377"
"1350","26517"
"1350","27089"
"1350","54539"
"1350","54948"
"1350","64951"
"1350","131474"
"1398","1445"
"1398","1785"
"1398","2049"
"1398","2815"
"1398","3315"
"1398","3674"
"1398","3868"
"1398","5582"
"1398","6654"
"1398","6776"
"1398","6886"
"1398","7409"
"1398","7450"
"1398","8440"
"1398","8651"
"1398","10188"
"1398","10278"
"1398","10618"
"1398","10817"
"1398","10922"
"1398","23616"
"1398","23640"
"1398","26254"
"1398","55114"
"1398","57187"
"1398","64780"
"1441","3055"
"1441","6774"
"1445","1460"
"1445","1778"
"1445","1785"
"1445","2197"
"1445","2314"
"1445","2771"
"1445","3055"
"1445","3123"
"1445","3674"
"1445","6654"
"1445","6774"
"1445","6776"
"1445","7409"
"1445","7450"
"1445","8428"
"1445","8440"
"1445","9051"
"1445","55114"
"1445","80895"
"1445","203068"
"1454","1460"
"1454","1778"
"1454","1938"
"1454","1974"
"1454","2782"
"1454","2783"
"1454","2997"
"1454","4841"
"1454","5094"
"1454","5116"
"1454","5347"
"1454","5704"
"1454","6181"
"1454","6203"
"1454","8237"
"1454","9219"
"1454","10419"
"1454","10844"
"1454","23708"
"1454","60682"
"1454","116138"
"1460","1650"
"1460","1778"
"1460","1938"
"1460","1974"
"1460","1984"
"1460","2197"
"1460","2782"
"1460","2783"
"1460","2968"
"1460","3054"
"1460","3094"
"1460","4141"
"1460","4191"
"1460","4637"
"1460","4713"
"1460","4716"
"1460","4723"
"1460","4841"
"1460","4869"
"1460","5032"
"1460","5093"
"1460","5094"
"1460","5230"
"1460","5441"
"1460","5479"
"1460","5525"
"1460","5533"
"1460","5685"
"1460","5688"
"1460","5692"
"1460","5704"
"1460","5878"
"1460","5905"
"1460","6124"
"1460","6129"
"1460","6132"
"1460","6134"
"1460","6138"
"1460","6141"
"1460","6156"
"1460","6157"
"1460","6171"
"1460","6175"
"1460","6181"
"1460","6184"
"1460","6187"
"1460","6203"
"1460","6228"
"1460","6418"
"1460","6455"
"1460","6776"
"1460","6836"
"1460","7385"
"1460","8841"
"1460","9045"
"1460","9112"
"1460","9189"
"1460","9230"
"1460","9296"
"1460","9377"
"1460","9583"
"1460","10419"
"1460","10467"
"1460","10726"
"1460","11224"
"1460","23234"
"1460","23521"
"1460","26517"
"1460","29882"
"1460","29894"
"1460","29920"
"1460","51160"
"1460","54623"
"1460","54948"
"1460","55114"
"1460","56342"
"1460","57187"
"1460","57819"
"1460","79031"
"1460","80198"
"1460","84108"
"1460","90850"
"1460","116138"
"1460","117246"
"1460","126003"
"1460","203068"
"1460","283989"
"1489","3570"
"1489","6654"
"1489","6774"
"1514","2782"
"1514","3123"
"1514","5971"
"1514","10437"
"1535","3123"
"1535","4478"
"1535","5355"
"1535","8673"
"1535","10095"
"1579","6604"
"1579","64600"
"1616","3315"
"1616","4869"
"1616","5971"
"1616","6693"
"1616","6774"
"1616","7161"
"1616","8841"
"1616","51010"
"1621","5409"
"1621","7054"
"1628","10538"
"1650","1778"
"1650","1938"
"1650","1974"
"1650","1984"
"1650","2010"
"1650","2747"
"1650","2771"
"1650","2782"
"1650","2783"
"1650","2968"
"1650","3123"
"1650","3833"
"1650","4141"
"1650","4191"
"1650","4637"
"1650","4841"
"1650","5032"
"1650","5093"
"1650","5094"
"1650","5230"
"1650","5355"
"1650","5441"
"1650","5447"
"1650","5479"
"1650","5525"
"1650","5685"
"1650","5688"
"1650","5692"
"1650","5704"
"1650","5878"
"1650","5905"
"1650","6124"
"1650","6129"
"1650","6132"
"1650","6134"
"1650","6135"
"1650","6138"
"1650","6141"
"1650","6156"
"1650","6157"
"1650","6161"
"1650","6167"
"1650","6168"
"1650","6171"
"1650","6175"
"1650","6181"
"1650","6184"
"1650","6187"
"1650","6203"
"1650","6228"
"1650","6455"
"1650","6510"
"1650","6520"
"1650","6604"
"1650","6774"
"1650","6836"
"1650","6902"
"1650","7385"
"1650","7922"
"1650","8192"
"1650","8241"
"1650","8625"
"1650","9045"
"1650","9189"
"1650","9219"
"1650","9296"
"1650","10092"
"1650","10095"
"1650","10419"
"1650","10844"
"1650","10956"
"1650","11180"
"1650","11224"
"1650","23225"
"1650","23521"
"1650","23633"
"1650","23640"
"1650","23708"
"1650","25979"
"1650","26517"
"1650","29894"
"1650","29927"
"1650","50628"
"1650","56342"
"1650","56949"
"1650","57048"
"1650","57187"
"1650","57819"
"1650","60682"
"1650","63875"
"1650","64754"
"1650","80198"
"1650","80736"
"1650","90850"
"1650","94103"
"1650","117246"
"1650","126003"
"1650","203068"
"1650","246721"
"1650","284996"
"1663","2968"
"1663","3619"
"1663","3833"
"1663","4141"
"1663","4841"
"1663","5347"
"1663","5685"
"1663","5704"
"1663","6124"
"1663","6241"
"1663","6418"
"1663","8841"
"1663","9088"
"1663","9555"
"1663","10514"
"1663","10714"
"1663","10726"
"1663","11224"
"1663","23234"
"1663","29894"
"1663","51010"
"1663","56342"
"1663","56915"
"1663","63922"
"1663","80198"
"1663","116138"
"1663","117246"
"1678","4141"
"1678","4191"
"1678","4713"
"1678","4716"
"1678","4723"
"1678","5685"
"1678","6166"
"1678","6167"
"1678","6228"
"1678","6391"
"1678","6418"
"1678","6836"
"1678","7385"
"1678","9045"
"1678","9377"
"1678","9929"
"1678","11224"
"1678","26517"
"1678","27089"
"1678","57819"
"1678","63875"
"1678","131474"
"1749","4487"
"1778","1785"
"1778","1938"
"1778","2314"
"1778","2771"
"1778","2782"
"1778","2794"
"1778","3123"
"1778","3833"
"1778","4141"
"1778","5093"
"1778","5116"
"1778","5184"
"1778","5347"
"1778","5685"
"1778","5688"
"1778","5692"
"1778","5704"
"1778","6124"
"1778","6132"
"1778","6141"
"1778","6156"
"1778","6175"
"1778","6181"
"1778","7169"
"1778","9045"
"1778","9583"
"1778","10419"
"1778","10514"
"1778","10726"
"1778","10844"
"1778","11224"
"1778","11337"
"1778","23198"
"1778","23708"
"1778","26517"
"1778","29894"
"1778","29920"
"1778","51143"
"1778","56342"
"1778","57187"
"1778","64837"
"1778","90850"
"1778","114876"
"1778","126003"
"1778","203068"
"1778","347733"
"1785","3055"
"1785","5479"
"1785","6187"
"1785","6455"
"1785","7409"
"1785","9051"
"1785","10200"
"1785","64837"
"1831","4791"
"1889","3482"
"1889","3916"
"1889","80331"
"1892","2937"
"1892","3094"
"1892","3418"
"1892","4191"
"1892","4716"
"1892","4723"
"1892","5230"
"1892","6187"
"1892","6391"
"1892","6774"
"1892","7335"
"1892","7360"
"1892","7385"
"1892","8192"
"1892","9377"
"1892","9973"
"1892","25828"
"1892","25979"
"1892","27089"
"1892","28976"
"1892","55748"
"1892","64951"
"1892","79016"
"1911","8841"
"1911","9112"
"1911","29882"
"1911","84108"
"1911","116138"
"1937","1938"
"1937","1984"
"1937","2483"
"1937","2968"
"1937","4869"
"1937","5032"
"1937","5201"
"1937","5479"
"1937","5692"
"1937","6124"
"1937","6129"
"1937","6132"
"1937","6135"
"1937","6141"
"1937","6168"
"1937","6175"
"1937","6181"
"1937","6187"
"1937","6228"
"1937","8554"
"1937","9112"
"1937","10514"
"1937","10726"
"1937","11224"
"1937","29894"
"1937","56342"
"1937","56915"
"1937","56949"
"1937","57819"
"1937","80198"
"1937","117246"
"1937","283989"
"1938","1974"
"1938","1978"
"1938","1984"
"1938","2197"
"1938","2314"
"1938","2747"
"1938","2782"
"1938","2783"
"1938","2794"
"1938","3094"
"1938","3418"
"1938","4141"
"1938","4191"
"1938","4478"
"1938","4637"
"1938","4723"
"1938","4841"
"1938","4869"
"1938","5032"
"1938","5093"
"1938","5094"
"1938","5230"
"1938","5441"
"1938","5479"
"1938","5685"
"1938","5688"
"1938","5692"
"1938","5704"
"1938","5878"
"1938","5905"
"1938","6124"
"1938","6129"
"1938","6132"
"1938","6134"
"1938","6135"
"1938","6138"
"1938","6141"
"1938","6156"
"1938","6157"
"1938","6161"
"1938","6166"
"1938","6167"
"1938","6168"
"1938","6171"
"1938","6175"
"1938","6181"
"1938","6183"
"1938","6184"
"1938","6187"
"1938","6203"
"1938","6227"
"1938","6228"
"1938","6241"
"1938","6418"
"1938","6455"
"1938","6774"
"1938","6836"
"1938","7249"
"1938","7360"
"1938","7385"
"1938","8192"
"1938","8334"
"1938","8672"
"1938","8878"
"1938","9045"
"1938","9230"
"1938","9296"
"1938","9377"
"1938","9583"
"1938","10095"
"1938","10360"
"1938","10419"
"1938","10514"
"1938","10726"
"1938","11224"
"1938","11337"
"1938","23016"
"1938","23038"
"1938","23234"
"1938","23438"
"1938","23521"
"1938","23633"
"1938","23640"
"1938","23708"
"1938","25828"
"1938","25979"
"1938","26517"
"1938","29882"
"1938","29894"
"1938","29920"
"1938","29927"
"1938","51160"
"1938","51477"
"1938","51611"
"1938","51690"
"1938","54948"
"1938","56342"
"1938","56949"
"1938","57187"
"1938","57819"
"1938","63875"
"1938","79031"
"1938","80198"
"1938","89941"
"1938","90850"
"1938","117246"
"1938","126003"
"1938","147746"
"1938","203068"
"1938","219927"
"1938","221613"
"1938","246721"
"1938","347733"
"1958","3265"
"1958","3433"
"1958","3660"
"1958","3661"
"1958","3665"
"1958","4869"
"1958","5307"
"1958","6667"
"1958","6722"
"1958","6774"
"1958","9518"
"1974","1978"
"1974","1984"
"1974","2771"
"1974","2782"
"1974","2783"
"1974","2794"
"1974","2968"
"1974","4141"
"1974","4191"
"1974","4637"
"1974","4841"
"1974","4869"
"1974","5032"
"1974","5093"
"1974","5094"
"1974","5201"
"1974","5202"
"1974","5230"
"1974","5347"
"1974","5479"
"1974","5685"
"1974","5688"
"1974","5692"
"1974","5704"
"1974","5905"
"1974","6124"
"1974","6129"
"1974","6132"
"1974","6134"
"1974","6135"
"1974","6138"
"1974","6141"
"1974","6156"
"1974","6157"
"1974","6161"
"1974","6166"
"1974","6167"
"1974","6168"
"1974","6171"
"1974","6175"
"1974","6181"
"1974","6184"
"1974","6187"
"1974","6203"
"1974","6228"
"1974","6836"
"1974","8334"
"1974","8672"
"1974","9045"
"1974","10419"
"1974","11224"
"1974","23438"
"1974","23521"
"1974","23633"
"1974","23708"
"1974","29894"
"1974","29920"
"1974","51719"
"1974","56341"
"1974","56342"
"1974","57187"
"1974","60682"
"1974","80198"
"1974","90850"
"1974","117246"
"1974","126003"
"1974","203068"
"1978","6175"
"1978","7249"
"1978","11040"
"1984","2010"
"1984","2782"
"1984","2783"
"1984","2794"
"1984","2968"
"1984","3094"
"1984","3418"
"1984","3833"
"1984","4141"
"1984","4191"
"1984","4637"
"1984","4723"
"1984","4841"
"1984","4869"
"1984","5032"
"1984","5093"
"1984","5094"
"1984","5184"
"1984","5202"
"1984","5230"
"1984","5347"
"1984","5441"
"1984","5447"
"1984","5479"
"1984","5525"
"1984","5685"
"1984","5688"
"1984","5692"
"1984","5704"
"1984","5869"
"1984","5878"
"1984","5905"
"1984","6124"
"1984","6129"
"1984","6132"
"1984","6134"
"1984","6135"
"1984","6138"
"1984","6141"
"1984","6156"
"1984","6157"
"1984","6161"
"1984","6166"
"1984","6167"
"1984","6168"
"1984","6175"
"1984","6181"
"1984","6183"
"1984","6184"
"1984","6187"
"1984","6203"
"1984","6228"
"1984","6241"
"1984","6455"
"1984","6836"
"1984","7360"
"1984","7385"
"1984","9045"
"1984","9112"
"1984","9189"
"1984","9296"
"1984","9377"
"1984","10092"
"1984","10095"
"1984","10419"
"1984","10467"
"1984","10514"
"1984","10554"
"1984","11224"
"1984","11337"
"1984","23521"
"1984","23708"
"1984","26517"
"1984","29894"
"1984","29920"
"1984","29927"
"1984","51024"
"1984","51477"
"1984","54039"
"1984","54948"
"1984","56342"
"1984","56915"
"1984","56949"
"1984","57819"
"1984","60682"
"1984","63875"
"1984","79031"
"1984","90850"
"1984","94103"
"1984","117246"
"1984","126003"
"1984","203068"
"1984","246721"
"1995","56341"
"2000","4869"
"2000","6418"
"2010","8841"
"2010","9112"
"2010","11224"
"2010","29927"
"2010","57819"
"2010","89885"
"2010","203068"
"2049","10076"
"2049","80895"
"2132","6836"
"2132","29927"
"2189","2305"
"2189","5347"
"2189","6253"
"2189","9189"
"2189","117246"
"2197","4478"
"2197","4637"
"2197","4869"
"2197","5093"
"2197","5692"
"2197","6124"
"2197","6129"
"2197","6132"
"2197","6134"
"2197","6135"
"2197","6138"
"2197","6141"
"2197","6156"
"2197","6157"
"2197","6161"
"2197","6166"
"2197","6167"
"2197","6168"
"2197","6171"
"2197","6175"
"2197","6181"
"2197","6183"
"2197","6184"
"2197","6187"
"2197","6203"
"2197","6227"
"2197","6228"
"2197","6418"
"2197","6455"
"2197","8428"
"2197","9045"
"2197","10092"
"2197","11224"
"2197","11337"
"2197","23521"
"2197","51160"
"2197","54948"
"2197","63875"
"2197","64951"
"2197","246721"
"2253","2637"
"2253","4487"
"2253","9355"
"2272","3094"
"2272","4191"
"2305","3833"
"2305","5347"
"2305","6241"
"2305","6667"
"2305","6774"
"2314","2771"
"2314","3315"
"2314","6129"
"2314","6181"
"2314","6203"
"2314","8841"
"2314","10095"
"2314","10514"
"2314","10726"
"2483","2962"
"2483","4478"
"2483","4869"
"2483","5093"
"2483","5685"
"2483","5688"
"2483","5692"
"2483","6124"
"2483","6135"
"2483","6141"
"2483","6161"
"2483","6166"
"2483","6167"
"2483","6168"
"2483","6203"
"2483","6228"
"2483","6241"
"2483","6418"
"2483","8175"
"2483","8554"
"2483","8841"
"2483","9045"
"2483","9219"
"2483","10200"
"2483","10726"
"2483","11224"
"2483","23198"
"2483","29894"
"2483","51010"
"2483","51690"
"2483","54623"
"2483","56259"
"2483","56949"
"2483","57819"
"2483","117246"
"2492","3360"
"2492","6344"
"2492","79924"
"2512","4656"
"2512","6175"
"2512","10200"
"2516","5307"
"2516","6604"
"2516","6667"
"2516","7067"
"2516","8554"
"2516","57187"
"2624","6688"
"2624","6774"
"2624","6886"
"2624","8841"
"2624","27033"
"2624","161882"
"2678","2730"
"2678","2937"
"2678","2944"
"2678","51380"
"2703","3982"
"2730","2937"
"2730","55748"
"2747","2783"
"2747","2997"
"2747","3418"
"2747","4191"
"2747","5230"
"2747","5685"
"2747","5688"
"2747","5692"
"2747","5704"
"2747","6241"
"2747","6391"
"2747","9377"
"2771","2782"
"2771","2783"
"2771","3055"
"2771","3265"
"2771","3833"
"2771","4637"
"2771","4869"
"2771","5093"
"2771","5094"
"2771","5230"
"2771","5347"
"2771","5479"
"2771","6129"
"2771","6175"
"2771","6203"
"2771","6667"
"2771","9189"
"2771","10076"
"2771","10092"
"2771","10095"
"2771","10636"
"2771","55114"
"2771","79031"
"2771","80736"
"2771","203068"
"2782","2783"
"2782","4141"
"2782","4478"
"2782","4841"
"2782","5094"
"2782","5184"
"2782","5230"
"2782","5347"
"2782","5479"
"2782","5533"
"2782","5688"
"2782","5692"
"2782","5704"
"2782","5878"
"2782","6124"
"2782","6129"
"2782","6132"
"2782","6134"
"2782","6135"
"2782","6141"
"2782","6156"
"2782","6157"
"2782","6175"
"2782","6181"
"2782","6184"
"2782","6187"
"2782","6203"
"2782","6455"
"2782","6836"
"2782","7360"
"2782","9045"
"2782","9296"
"2782","10092"
"2782","10095"
"2782","10554"
"2782","10645"
"2782","23326"
"2782","23438"
"2782","23521"
"2782","29920"
"2782","29927"
"2782","51160"
"2782","51719"
"2782","56342"
"2782","57187"
"2782","59286"
"2782","60682"
"2782","90522"
"2782","126003"
"2782","203068"
"2783","2794"
"2783","2968"
"2783","4141"
"2783","4637"
"2783","4841"
"2783","5093"
"2783","5230"
"2783","5347"
"2783","5447"
"2783","5479"
"2783","5685"
"2783","5688"
"2783","5692"
"2783","5704"
"2783","5878"
"2783","6124"
"2783","6129"
"2783","6135"
"2783","6175"
"2783","6181"
"2783","6184"
"2783","6187"
"2783","6203"
"2783","6455"
"2783","6774"
"2783","6776"
"2783","6836"
"2783","9230"
"2783","9296"
"2783","10092"
"2783","10095"
"2783","10419"
"2783","10645"
"2783","11337"
"2783","23438"
"2783","23521"
"2783","26517"
"2783","29882"
"2783","29927"
"2783","51024"
"2783","51160"
"2783","56342"
"2783","57819"
"2783","59286"
"2783","60682"
"2783","79031"
"2783","126003"
"2783","203068"
"2783","246721"
"2783","347733"
"2794","5032"
"2794","5905"
"2794","6124"
"2794","6129"
"2794","6134"
"2794","6135"
"2794","6138"
"2794","6156"
"2794","6157"
"2794","6161"
"2794","6175"
"2794","6181"
"2794","6187"
"2794","6203"
"2794","6228"
"2794","8672"
"2794","9045"
"2794","10514"
"2794","23521"
"2794","23633"
"2794","23708"
"2794","29894"
"2794","56341"
"2794","56342"
"2794","90850"
"2794","117246"
"2815","3674"
"2815","7450"
"2837","2867"
"2837","5330"
"2837","5331"
"2837","5997"
"2837","60675"
"2867","5330"
"2867","5331"
"2867","5997"
"2867","60675"
"2896","3101"
"2896","4869"
"2896","10437"
"2896","29927"
"2914","4852"
"2914","7852"
"2914","10636"
"2914","283869"
"2937","2944"
"2937","3661"
"2937","4478"
"2937","55748"
"2962","2968"
"2962","3660"
"2962","3661"
"2962","3665"
"2962","5093"
"2962","5094"
"2962","5441"
"2962","5688"
"2962","5692"
"2962","6722"
"2962","8175"
"2962","8841"
"2962","9219"
"2962","10419"
"2962","10726"
"2962","29894"
"2962","54623"
"2962","56949"
"2962","80198"
"2962","203068"
"2962","246721"
"2968","4141"
"2968","4841"
"2968","4869"
"2968","5032"
"2968","5441"
"2968","5479"
"2968","5685"
"2968","5692"
"2968","5704"
"2968","6124"
"2968","6181"
"2968","6184"
"2968","6455"
"2968","8078"
"2968","8175"
"2968","8192"
"2968","8841"
"2968","9189"
"2968","10419"
"2968","10467"
"2968","10514"
"2968","10714"
"2968","11224"
"2968","23326"
"2968","23438"
"2968","23708"
"2968","26517"
"2968","29882"
"2968","29894"
"2968","29920"
"2968","54623"
"2968","56342"
"2968","56949"
"2968","80198"
"2968","117246"
"2968","126003"
"2968","203068"
"2968","246721"
"2997","4191"
"2997","7360"
"2997","11337"
"2997","23234"
"2997","80736"
"3046","3049"
"3046","3050"
"3050","6667"
"3054","3660"
"3054","4841"
"3054","6667"
"3054","8819"
"3054","9112"
"3054","9219"
"3054","23309"
"3054","29882"
"3054","64426"
"3055","3265"
"3055","3570"
"3055","3660"
"3055","4478"
"3055","5329"
"3055","6134"
"3055","6654"
"3055","6774"
"3055","7409"
"3055","8751"
"3055","9051"
"3055","10095"
"3055","10188"
"3055","23616"
"3055","80895"
"3094","4191"
"3094","4713"
"3094","4716"
"3094","4723"
"3094","5032"
"3094","5230"
"3094","5441"
"3094","5479"
"3094","5685"
"3094","5688"
"3094","5692"
"3094","5704"
"3094","6135"
"3094","6161"
"3094","6166"
"3094","6187"
"3094","6203"
"3094","6228"
"3094","6667"
"3094","6902"
"3094","7385"
"3094","8192"
"3094","8819"
"3094","8841"
"3094","9045"
"3094","9219"
"3094","9296"
"3094","10726"
"3094","11224"
"3094","23234"
"3094","23521"
"3094","25828"
"3094","26517"
"3094","27089"
"3094","51142"
"3094","51690"
"3094","54948"
"3094","56342"
"3094","59286"
"3094","63875"
"3094","219927"
"3101","7360"
"3108","3118"
"3108","3122"
"3108","3123"
"3108","3135"
"3108","8673"
"3108","10437"
"3118","3123"
"3118","3135"
"3122","3123"
"3123","3135"
"3123","3660"
"3123","3661"
"3123","3665"
"3123","4478"
"3123","7852"
"3123","10437"
"3123","114876"
"3135","3802"
"3135","29927"
"3151","6124"
"3151","6129"
"3151","6132"
"3151","6175"
"3151","6181"
"3151","6187"
"3195","5525"
"3221","8440"
"3265","3691"
"3265","4869"
"3265","5582"
"3265","5869"
"3265","6654"
"3265","6794"
"3265","7161"
"3265","7249"
"3265","7409"
"3265","8651"
"3265","9351"
"3265","10235"
"3265","10567"
"3265","10636"
"3265","10817"
"3300","51024"
"3315","4869"
"3315","5685"
"3315","5688"
"3315","5692"
"3315","5704"
"3315","6774"
"3315","7124"
"3315","7374"
"3315","8878"
"3315","23198"
"3359","3360"
"3360","6344"
"3360","79924"
"3418","4191"
"3418","4716"
"3418","4723"
"3418","5184"
"3418","5479"
"3418","5685"
"3418","5688"
"3418","5704"
"3418","6124"
"3418","6135"
"3418","6175"
"3418","6181"
"3418","6183"
"3418","6187"
"3418","6203"
"3418","6391"
"3418","7360"
"3418","7385"
"3418","8192"
"3418","9045"
"3418","9377"
"3418","9973"
"3418","11224"
"3418","11337"
"3418","26517"
"3418","51024"
"3418","63875"
"3418","126003"
"3418","203068"
"3433","3660"
"3433","3661"
"3433","3665"
"3482","3916"
"3482","4478"
"3482","5329"
"3482","6132"
"3482","6184"
"3482","6510"
"3482","8673"
"3482","9045"
"3482","10618"
"3482","29927"
"3570","6654"
"3570","6774"
"3570","8554"
"3575","3674"
"3575","4478"
"3575","6688"
"3575","6774"
"3575","6776"
"3596","6775"
"3619","3833"
"3619","5347"
"3619","5905"
"3619","10460"
"3619","10714"
"3619","10726"
"3619","64946"
"3619","203068"
"3660","3661"
"3660","3665"
"3660","6688"
"3660","7852"
"3660","10437"
"3660","221937"
"3660","359948"
"3661","3665"
"3661","5307"
"3661","5479"
"3661","6774"
"3661","8570"
"3661","8651"
"3661","8737"
"3661","8841"
"3661","10437"
"3665","7335"
"3665","8737"
"3665","10437"
"3674","3691"
"3674","5196"
"3674","6654"
"3674","6776"
"3674","7450"
"3674","28964"
"3691","3911"
"3833","5032"
"3833","5093"
"3833","5116"
"3833","5347"
"3833","5441"
"3833","5479"
"3833","5685"
"3833","5704"
"3833","5905"
"3833","6124"
"3833","6141"
"3833","6175"
"3833","6181"
"3833","6184"
"3833","6203"
"3833","6241"
"3833","6455"
"3833","6902"
"3833","8841"
"3833","9088"
"3833","10101"
"3833","10460"
"3833","10714"
"3833","10726"
"3833","10844"
"3833","23234"
"3833","26517"
"3833","56342"
"3833","63922"
"3833","80198"
"3833","126003"
"3833","203068"
"3833","347733"
"3911","5913"
"3911","6678"
"3911","10491"
"3916","5479"
"3916","5869"
"3916","5878"
"3916","6184"
"3916","6520"
"3916","6774"
"3916","8673"
"3916","11337"
"3916","29927"
"3916","55048"
"3985","5447"
"3985","80895"
"3995","9415"
"4047","5447"
"4047","9415"
"4047","10554"
"4141","4191"
"4141","4791"
"4141","4841"
"4141","5032"
"4141","5093"
"4141","5094"
"4141","5347"
"4141","5441"
"4141","5685"
"4141","5688"
"4141","5692"
"4141","5704"
"4141","5905"
"4141","6124"
"4141","6129"
"4141","6132"
"4141","6134"
"4141","6135"
"4141","6138"
"4141","6141"
"4141","6156"
"4141","6157"
"4141","6161"
"4141","6166"
"4141","6167"
"4141","6175"
"4141","6181"
"4141","6184"
"4141","6187"
"4141","6203"
"4141","6228"
"4141","7385"
"4141","8192"
"4141","8672"
"4141","9045"
"4141","9189"
"4141","9296"
"4141","10101"
"4141","10419"
"4141","10514"
"4141","10554"
"4141","10726"
"4141","10844"
"4141","11180"
"4141","11224"
"4141","11333"
"4141","23198"
"4141","23309"
"4141","23438"
"4141","23521"
"4141","23633"
"4141","23640"
"4141","23708"
"4141","26517"
"4141","29894"
"4141","29920"
"4141","29927"
"4141","51010"
"4141","54039"
"4141","54623"
"4141","54948"
"4141","56341"
"4141","56342"
"4141","56915"
"4141","56949"
"4141","57187"
"4141","57819"
"4141","60682"
"4141","63922"
"4141","79031"
"4141","80198"
"4141","90850"
"4141","117246"
"4141","126003"
"4141","203068"
"4141","246721"
"4170","6774"
"4170","6776"
"4170","8739"
"4170","27113"
"4191","4696"
"4191","4713"
"4191","4716"
"4191","4723"
"4191","5093"
"4191","5184"
"4191","5230"
"4191","5479"
"4191","5685"
"4191","5692"
"4191","5704"
"4191","6124"
"4191","6175"
"4191","6181"
"4191","6183"
"4191","6187"
"4191","6203"
"4191","6391"
"4191","6418"
"4191","7360"
"4191","7385"
"4191","8192"
"4191","8508"
"4191","9045"
"4191","9167"
"4191","9230"
"4191","9377"
"4191","10419"
"4191","10726"
"4191","11224"
"4191","11333"
"4191","25828"
"4191","26517"
"4191","27089"
"4191","29894"
"4191","29920"
"4191","51024"
"4191","51142"
"4191","51160"
"4191","51477"
"4191","54539"
"4191","63875"
"4191","64951"
"4191","79031"
"4191","131474"
"4191","203068"
"4209","4656"
"4209","5533"
"4209","6667"
"4209","8841"
"4209","10419"
"4242","9355"
"4440","56341"
"4478","4637"
"4478","4869"
"4478","5230"
"4478","5479"
"4478","5878"
"4478","6124"
"4478","6129"
"4478","6132"
"4478","6135"
"4478","6181"
"4478","6184"
"4478","6187"
"4478","6203"
"4478","6228"
"4478","6402"
"4478","6418"
"4478","6693"
"4478","6774"
"4478","6776"
"4478","7114"
"4478","7852"
"4478","8428"
"4478","9045"
"4478","9351"
"4478","10092"
"4478","10095"
"4478","11224"
"4478","117246"
"4487","6667"
"4487","8554"
"4487","9355"
"4633","4634"
"4633","7135"
"4633","7136"
"4633","7140"
"4633","7169"
"4633","8557"
"4634","7135"
"4634","7136"
"4634","7140"
"4634","7169"
"4634","8557"
"4637","4869"
"4637","5093"
"4637","5230"
"4637","5479"
"4637","5878"
"4637","6124"
"4637","6129"
"4637","6132"
"4637","6135"
"4637","6138"
"4637","6141"
"4637","6157"
"4637","6166"
"4637","6175"
"4637","6181"
"4637","6187"
"4637","6203"
"4637","6228"
"4637","7114"
"4637","8241"
"4637","9045"
"4637","9230"
"4637","10092"
"4637","11224"
"4637","11337"
"4637","23521"
"4637","25828"
"4637","29927"
"4637","51160"
"4637","203068"
"4656","6667"
"4656","6722"
"4656","7023"
"4656","10419"
"4656","10763"
"4656","25901"
"4661","5347"
"4661","23309"
"4696","4713"
"4696","4716"
"4696","4723"
"4696","7385"
"4696","9377"
"4696","27089"
"4696","51024"
"4696","54539"
"4696","374291"
"4713","4716"
"4713","4723"
"4713","5692"
"4713","6183"
"4713","6391"
"4713","7385"
"4713","8192"
"4713","9167"
"4713","9377"
"4713","10467"
"4713","10726"
"4713","26517"
"4713","27089"
"4713","51024"
"4713","51142"
"4713","54539"
"4713","63875"
"4713","64951"
"4713","89941"
"4713","246721"
"4713","374291"
"4716","4723"
"4716","5688"
"4716","6183"
"4716","6391"
"4716","7385"
"4716","8192"
"4716","8508"
"4716","9167"
"4716","9296"
"4716","9377"
"4716","10467"
"4716","25828"
"4716","26517"
"4716","27089"
"4716","51142"
"4716","54539"
"4716","54948"
"4716","63875"
"4716","64951"
"4716","89941"
"4716","122704"
"4716","131474"
"4716","374291"
"4723","5201"
"4723","5230"
"4723","5685"
"4723","5688"
"4723","5692"
"4723","5704"
"4723","6124"
"4723","6132"
"4723","6141"
"4723","6166"
"4723","6175"
"4723","6183"
"4723","6391"
"4723","7360"
"4723","7385"
"4723","8192"
"4723","8508"
"4723","9045"
"4723","9167"
"4723","9296"
"4723","9377"
"4723","9973"
"4723","10726"
"4723","11224"
"4723","23234"
"4723","23521"
"4723","23640"
"4723","25828"
"4723","26517"
"4723","27089"
"4723","29882"
"4723","51024"
"4723","51142"
"4723","54539"
"4723","54948"
"4723","63875"
"4723","64951"
"4723","84266"
"4723","89941"
"4723","131474"
"4723","219927"
"4723","246721"
"4723","374291"
"4776","5533"
"4791","4793"
"4791","5971"
"4791","6129"
"4791","6135"
"4791","6141"
"4791","6156"
"4791","6175"
"4791","6181"
"4791","6667"
"4791","9099"
"4791","10318"
"4791","10514"
"4791","10844"
"4791","50628"
"4791","203068"
"4793","5441"
"4793","6129"
"4793","6135"
"4793","6156"
"4793","6175"
"4793","6279"
"4793","8737"
"4793","25901"
"4793","203068"
"4835","5971"
"4835","8214"
"4835","9235"
"4841","4869"
"4841","5032"
"4841","5093"
"4841","5094"
"4841","5230"
"4841","5347"
"4841","5441"
"4841","5479"
"4841","5685"
"4841","5688"
"4841","5692"
"4841","5704"
"4841","5971"
"4841","6124"
"4841","6129"
"4841","6132"
"4841","6134"
"4841","6135"
"4841","6138"
"4841","6156"
"4841","6157"
"4841","6161"
"4841","6167"
"4841","6175"
"4841","6181"
"4841","6184"
"4841","6187"
"4841","6203"
"4841","6228"
"4841","6241"
"4841","6418"
"4841","6688"
"4841","6836"
"4841","6902"
"4841","7169"
"4841","8241"
"4841","8428"
"4841","8554"
"4841","8570"
"4841","8841"
"4841","9045"
"4841","9189"
"4841","9219"
"4841","10095"
"4841","10514"
"4841","10726"
"4841","11180"
"4841","11224"
"4841","23016"
"4841","23198"
"4841","23309"
"4841","23326"
"4841","23521"
"4841","29882"
"4841","29894"
"4841","29927"
"4841","50628"
"4841","51010"
"4841","51690"
"4841","54926"
"4841","54948"
"4841","55114"
"4841","56342"
"4841","56915"
"4841","56949"
"4841","57187"
"4841","57819"
"4841","79031"
"4841","79760"
"4841","117246"
"4841","203068"
"4841","246721"
"4841","283989"
"4852","7852"
"4852","10636"
"4852","283869"
"4869","4926"
"4869","5032"
"4869","5093"
"4869","5094"
"4869","5347"
"4869","5355"
"4869","5685"
"4869","5688"
"4869","5692"
"4869","5704"
"4869","6124"
"4869","6129"
"4869","6132"
"4869","6134"
"4869","6135"
"4869","6138"
"4869","6141"
"4869","6156"
"4869","6157"
"4869","6161"
"4869","6166"
"4869","6167"
"4869","6168"
"4869","6171"
"4869","6175"
"4869","6181"
"4869","6187"
"4869","6203"
"4869","6228"
"4869","6418"
"4869","8445"
"4869","8508"
"4869","8554"
"4869","8841"
"4869","8878"
"4869","9045"
"4869","9219"
"4869","10092"
"4869","10360"
"4869","10419"
"4869","10514"
"4869","10726"
"4869","11224"
"4869","11333"
"4869","23016"
"4869","23225"
"4869","23234"
"4869","23521"
"4869","23569"
"4869","29894"
"4869","50628"
"4869","51010"
"4869","56259"
"4869","56342"
"4869","57187"
"4869","57819"
"4869","64946"
"4869","79734"
"4869","114876"
"4869","117246"
"4869","122704"
"4869","131474"
"4869","203068"
"5032","5093"
"5032","5094"
"5032","5202"
"5032","5347"
"5032","5441"
"5032","5685"
"5032","5688"
"5032","5704"
"5032","5905"
"5032","6124"
"5032","6129"
"5032","6134"
"5032","6135"
"5032","6138"
"5032","6141"
"5032","6156"
"5032","6157"
"5032","6161"
"5032","6167"
"5032","6175"
"5032","6181"
"5032","6184"
"5032","6187"
"5032","6203"
"5032","6228"
"5032","6241"
"5032","6455"
"5032","6902"
"5032","8334"
"5032","9045"
"5032","9883"
"5032","10419"
"5032","10514"
"5032","10844"
"5032","23438"
"5032","23521"
"5032","23633"
"5032","23708"
"5032","26517"
"5032","29882"
"5032","29894"
"5032","29920"
"5032","51010"
"5032","51611"
"5032","54623"
"5032","54758"
"5032","56259"
"5032","56341"
"5032","56915"
"5032","56949"
"5032","57819"
"5032","63875"
"5032","63922"
"5032","80198"
"5032","90850"
"5032","117246"
"5032","126003"
"5032","203068"
"5032","246721"
"5066","7249"
"5093","5094"
"5093","5230"
"5093","5347"
"5093","5441"
"5093","5479"
"5093","5685"
"5093","5688"
"5093","5692"
"5093","5704"
"5093","5878"
"5093","6124"
"5093","6129"
"5093","6132"
"5093","6134"
"5093","6135"
"5093","6138"
"5093","6141"
"5093","6156"
"5093","6157"
"5093","6161"
"5093","6166"
"5093","6167"
"5093","6175"
"5093","6181"
"5093","6184"
"5093","6187"
"5093","6203"
"5093","6228"
"5093","6241"
"5093","6418"
"5093","6455"
"5093","6667"
"5093","6774"
"5093","6836"
"5093","6902"
"5093","7360"
"5093","7385"
"5093","8078"
"5093","8175"
"5093","8192"
"5093","8241"
"5093","8428"
"5093","9031"
"5093","9045"
"5093","9189"
"5093","9219"
"5093","9296"
"5093","9377"
"5093","10092"
"5093","10095"
"5093","10419"
"5093","10514"
"5093","10714"
"5093","10726"
"5093","10844"
"5093","11180"
"5093","11224"
"5093","22907"
"5093","23016"
"5093","23198"
"5093","23309"
"5093","23326"
"5093","23438"
"5093","23521"
"5093","23640"
"5093","23708"
"5093","26517"
"5093","29882"
"5093","29894"
"5093","29920"
"5093","51010"
"5093","51160"
"5093","51477"
"5093","51690"
"5093","54039"
"5093","54623"
"5093","55114"
"5093","56342"
"5093","56915"
"5093","56949"
"5093","57048"
"5093","57187"
"5093","57819"
"5093","63922"
"5093","79031"
"5093","80198"
"5093","80346"
"5093","90850"
"5093","117246"
"5093","126003"
"5093","203068"
"5093","283989"
"5094","5441"
"5094","5479"
"5094","5685"
"5094","5688"
"5094","5704"
"5094","6124"
"5094","6129"
"5094","6132"
"5094","6134"
"5094","6135"
"5094","6138"
"5094","6156"
"5094","6157"
"5094","6161"
"5094","6168"
"5094","6175"
"5094","6181"
"5094","6184"
"5094","6187"
"5094","6203"
"5094","6241"
"5094","6455"
"5094","8175"
"5094","8570"
"5094","9031"
"5094","9045"
"5094","9112"
"5094","9219"
"5094","10419"
"5094","10514"
"5094","10844"
"5094","11224"
"5094","23309"
"5094","23438"
"5094","23521"
"5094","23708"
"5094","26517"
"5094","29882"
"5094","29894"
"5094","50628"
"5094","51010"
"5094","56342"
"5094","56915"
"5094","56949"
"5094","57187"
"5094","57819"
"5094","80198"
"5094","90850"
"5094","117246"
"5094","283989"
"5116","5347"
"5116","9219"
"5116","10844"
"5116","51143"
"5184","5479"
"5184","5685"
"5184","5704"
"5184","6175"
"5184","6203"
"5184","23708"
"5184","26517"
"5184","55114"
"5184","55748"
"5196","6678"
"5196","7114"
"5196","7423"
"5196","7450"
"5201","5202"
"5201","5685"
"5201","6124"
"5201","6129"
"5201","6135"
"5201","6138"
"5201","6141"
"5201","6157"
"5201","6161"
"5201","6166"
"5201","6167"
"5201","6175"
"5201","6181"
"5201","6228"
"5201","6455"
"5201","9045"
"5201","10101"
"5201","10419"
"5201","11224"
"5201","26517"
"5201","28964"
"5201","57819"
"5201","64951"
"5201","131474"
"5201","347733"
"5202","5230"
"5202","5441"
"5202","5685"
"5202","5688"
"5202","5692"
"5202","5704"
"5202","6124"
"5202","6135"
"5202","6181"
"5202","6203"
"5202","6902"
"5202","10467"
"5202","11224"
"5202","26517"
"5202","54623"
"5202","56342"
"5202","203068"
"5202","347733"
"5230","5479"
"5230","5685"
"5230","5688"
"5230","5692"
"5230","5704"
"5230","5878"
"5230","6124"
"5230","6129"
"5230","6132"
"5230","6134"
"5230","6135"
"5230","6138"
"5230","6156"
"5230","6157"
"5230","6161"
"5230","6166"
"5230","6175"
"5230","6181"
"5230","6184"
"5230","6187"
"5230","6203"
"5230","6228"
"5230","7360"
"5230","7385"
"5230","9045"
"5230","9377"
"5230","9583"
"5230","10726"
"5230","11224"
"5230","23438"
"5230","23521"
"5230","29920"
"5230","54948"
"5230","56342"
"5230","56904"
"5230","79016"
"5230","126003"
"5230","203068"
"5230","246721"
"5230","347733"
"5252","7024"
"5307","27033"
"5329","5355"
"5329","6902"
"5329","7448"
"5330","5331"
"5330","9351"
"5330","23396"
"5330","60675"
"5331","5582"
"5331","9351"
"5331","23396"
"5331","60675"
"5347","5441"
"5347","5479"
"5347","5685"
"5347","5688"
"5347","5692"
"5347","5704"
"5347","5905"
"5347","6124"
"5347","6141"
"5347","6181"
"5347","6184"
"5347","6203"
"5347","6241"
"5347","6620"
"5347","7249"
"5347","8334"
"5347","8841"
"5347","9088"
"5347","9189"
"5347","9219"
"5347","10419"
"5347","10460"
"5347","10514"
"5347","10714"
"5347","10726"
"5347","10844"
"5347","23198"
"5347","23633"
"5347","26517"
"5347","29882"
"5347","50628"
"5347","51143"
"5347","51806"
"5347","56342"
"5347","56915"
"5347","56949"
"5347","63922"
"5347","64946"
"5347","80198"
"5347","116840"
"5347","203068"
"5347","221613"
"5355","5447"
"5355","6916"
"5355","29927"
"5355","203068"
"5441","5447"
"5441","5479"
"5441","5685"
"5441","5688"
"5441","5692"
"5441","5704"
"5441","6124"
"5441","6129"
"5441","6134"
"5441","6135"
"5441","6138"
"5441","6156"
"5441","6157"
"5441","6161"
"5441","6166"
"5441","6167"
"5441","6168"
"5441","6175"
"5441","6181"
"5441","6183"
"5441","6184"
"5441","6187"
"5441","6203"
"5441","6228"
"5441","6241"
"5441","6604"
"5441","6902"
"5441","8175"
"5441","8334"
"5441","9045"
"5441","9296"
"5441","9583"
"5441","10092"
"5441","10095"
"5441","10419"
"5441","10514"
"5441","10726"
"5441","11224"
"5441","23326"
"5441","23438"
"5441","23521"
"5441","26517"
"5441","29882"
"5441","29894"
"5441","29927"
"5441","51010"
"5441","51024"
"5441","51690"
"5441","54623"
"5441","56342"
"5441","56915"
"5441","56949"
"5441","57187"
"5441","57819"
"5441","59286"
"5441","60682"
"5441","80198"
"5441","90522"
"5441","117246"
"5441","126003"
"5441","221613"
"5441","246721"
"5447","5479"
"5447","6124"
"5447","6836"
"5447","7922"
"5447","9296"
"5447","9583"
"5447","29920"
"5447","29927"
"5453","5456"
"5456","6496"
"5479","5685"
"5479","5688"
"5479","5692"
"5479","5704"
"5479","5869"
"5479","5878"
"5479","5905"
"5479","6124"
"5479","6129"
"5479","6132"
"5479","6134"
"5479","6135"
"5479","6138"
"5479","6141"
"5479","6156"
"5479","6157"
"5479","6161"
"5479","6166"
"5479","6167"
"5479","6168"
"5479","6175"
"5479","6181"
"5479","6183"
"5479","6184"
"5479","6187"
"5479","6203"
"5479","6228"
"5479","6241"
"5479","6418"
"5479","6520"
"5479","6604"
"5479","6667"
"5479","6774"
"5479","6776"
"5479","6836"
"5479","6902"
"5479","7360"
"5479","7922"
"5479","8428"
"5479","8841"
"5479","9045"
"5479","9189"
"5479","9296"
"5479","9583"
"5479","10092"
"5479","10095"
"5479","10318"
"5479","10360"
"5479","10419"
"5479","10467"
"5479","10491"
"5479","10514"
"5479","10567"
"5479","10726"
"5479","10956"
"5479","11224"
"5479","11337"
"5479","23326"
"5479","23438"
"5479","23521"
"5479","25828"
"5479","26517"
"5479","29882"
"5479","29894"
"5479","29920"
"5479","29927"
"5479","51024"
"5479","51477"
"5479","51611"
"5479","54623"
"5479","54926"
"5479","55114"
"5479","55278"
"5479","55748"
"5479","56949"
"5479","57819"
"5479","60681"
"5479","63875"
"5479","79031"
"5479","80198"
"5479","80736"
"5479","117246"
"5479","126003"
"5479","203068"
"5479","219927"
"5479","246721"
"5525","5685"
"5525","5688"
"5525","5704"
"5525","6129"
"5525","6181"
"5525","6418"
"5525","8672"
"5533","6181"
"5533","23708"
"5533","51411"
"5533","55114"
"5533","79031"
"5533","84152"
"5582","5997"
"5639","89885"
"5685","5688"
"5685","5692"
"5685","5704"
"5685","5878"
"5685","5905"
"5685","6124"
"5685","6129"
"5685","6132"
"5685","6134"
"5685","6135"
"5685","6138"
"5685","6141"
"5685","6156"
"5685","6157"
"5685","6161"
"5685","6166"
"5685","6167"
"5685","6168"
"5685","6175"
"5685","6181"
"5685","6184"
"5685","6187"
"5685","6203"
"5685","6228"
"5685","6241"
"5685","6418"
"5685","6455"
"5685","6902"
"5685","7335"
"5685","7360"
"5685","7385"
"5685","7584"
"5685","8192"
"5685","8241"
"5685","8334"
"5685","8428"
"5685","8672"
"5685","8841"
"5685","9045"
"5685","9088"
"5685","9189"
"5685","9219"
"5685","9296"
"5685","9377"
"5685","10092"
"5685","10095"
"5685","10101"
"5685","10419"
"5685","10467"
"5685","10514"
"5685","10726"
"5685","10844"
"5685","11224"
"5685","11333"
"5685","11337"
"5685","23016"
"5685","23198"
"5685","23234"
"5685","23309"
"5685","23326"
"5685","23438"
"5685","23521"
"5685","23633"
"5685","23640"
"5685","23708"
"5685","25828"
"5685","25979"
"5685","26517"
"5685","29882"
"5685","29894"
"5685","29920"
"5685","29927"
"5685","50628"
"5685","51010"
"5685","51024"
"5685","51160"
"5685","51719"
"5685","54623"
"5685","54948"
"5685","56259"
"5685","56341"
"5685","56342"
"5685","56904"
"5685","56915"
"5685","56949"
"5685","57048"
"5685","57187"
"5685","57819"
"5685","59286"
"5685","60682"
"5685","63875"
"5685","63922"
"5685","64754"
"5685","79031"
"5685","80198"
"5685","80736"
"5685","89941"
"5685","90522"
"5685","90850"
"5685","116138"
"5685","117246"
"5685","126003"
"5685","203068"
"5685","221613"
"5685","246721"
"5688","5692"
"5688","5704"
"5688","6124"
"5688","6129"
"5688","6132"
"5688","6134"
"5688","6135"
"5688","6138"
"5688","6141"
"5688","6156"
"5688","6157"
"5688","6161"
"5688","6166"
"5688","6167"
"5688","6168"
"5688","6175"
"5688","6181"
"5688","6184"
"5688","6187"
"5688","6203"
"5688","6228"
"5688","6241"
"5688","6418"
"5688","6455"
"5688","6836"
"5688","6902"
"5688","7335"
"5688","7360"
"5688","7385"
"5688","8192"
"5688","8241"
"5688","8428"
"5688","8841"
"5688","8878"
"5688","9045"
"5688","9189"
"5688","9296"
"5688","10095"
"5688","10467"
"5688","10514"
"5688","10726"
"5688","10844"
"5688","11224"
"5688","11333"
"5688","11337"
"5688","23016"
"5688","23198"
"5688","23234"
"5688","23438"
"5688","23521"
"5688","23708"
"5688","26517"
"5688","29882"
"5688","29894"
"5688","29920"
"5688","29927"
"5688","50628"
"5688","51010"
"5688","51142"
"5688","51160"
"5688","51719"
"5688","54623"
"5688","54948"
"5688","56259"
"5688","56342"
"5688","56915"
"5688","56949"
"5688","57819"
"5688","59286"
"5688","64837"
"5688","64951"
"5688","79031"
"5688","80198"
"5688","80736"
"5688","90850"
"5688","117246"
"5688","126003"
"5688","203068"
"5688","246721"
"5692","5704"
"5692","6124"
"5692","6129"
"5692","6132"
"5692","6134"
"5692","6135"
"5692","6138"
"5692","6141"
"5692","6157"
"5692","6161"
"5692","6166"
"5692","6167"
"5692","6168"
"5692","6175"
"5692","6181"
"5692","6184"
"5692","6187"
"5692","6203"
"5692","6228"
"5692","6241"
"5692","6391"
"5692","6418"
"5692","6836"
"5692","6902"
"5692","7385"
"5692","8192"
"5692","8241"
"5692","8841"
"5692","8878"
"5692","9045"
"5692","9189"
"5692","9296"
"5692","9377"
"5692","10092"
"5692","10095"
"5692","10101"
"5692","10200"
"5692","10419"
"5692","10467"
"5692","10514"
"5692","10726"
"5692","11224"
"5692","23016"
"5692","23198"
"5692","23234"
"5692","23438"
"5692","23521"
"5692","23708"
"5692","25979"
"5692","26517"
"5692","29882"
"5692","29894"
"5692","29920"
"5692","29927"
"5692","51143"
"5692","51160"
"5692","51690"
"5692","51719"
"5692","54623"
"5692","54926"
"5692","54948"
"5692","55114"
"5692","56259"
"5692","56949"
"5692","57048"
"5692","57819"
"5692","59286"
"5692","79031"
"5692","80198"
"5692","80736"
"5692","90850"
"5692","117246"
"5692","122704"
"5692","126003"
"5692","246721"
"5704","5878"
"5704","6124"
"5704","6129"
"5704","6132"
"5704","6134"
"5704","6135"
"5704","6138"
"5704","6141"
"5704","6156"
"5704","6157"
"5704","6161"
"5704","6166"
"5704","6167"
"5704","6175"
"5704","6181"
"5704","6183"
"5704","6184"
"5704","6187"
"5704","6203"
"5704","6228"
"5704","6241"
"5704","6418"
"5704","6836"
"5704","6902"
"5704","7360"
"5704","8078"
"5704","8192"
"5704","8428"
"5704","8625"
"5704","8672"
"5704","8841"
"5704","9045"
"5704","9189"
"5704","9296"
"5704","9377"
"5704","10092"
"5704","10095"
"5704","10419"
"5704","10514"
"5704","10567"
"5704","10726"
"5704","10844"
"5704","11224"
"5704","11337"
"5704","23016"
"5704","23198"
"5704","23309"
"5704","23326"
"5704","23438"
"5704","23521"
"5704","23708"
"5704","26517"
"5704","29882"
"5704","29894"
"5704","29920"
"5704","29927"
"5704","51010"
"5704","51024"
"5704","51719"
"5704","54623"
"5704","54758"
"5704","54926"
"5704","55114"
"5704","56259"
"5704","56341"
"5704","56342"
"5704","56915"
"5704","56949"
"5704","57048"
"5704","57187"
"5704","57819"
"5704","60682"
"5704","63875"
"5704","63922"
"5704","79031"
"5704","80198"
"5704","80736"
"5704","89941"
"5704","116138"
"5704","117246"
"5704","126003"
"5704","203068"
"5704","246721"
"5704","283989"
"5704","347735"
"5763","10101"
"5869","5878"
"5869","6184"
"5869","6455"
"5869","6667"
"5869","9149"
"5869","9230"
"5869","9296"
"5869","10567"
"5869","23616"
"5869","23708"
"5869","26517"
"5869","29927"
"5869","55114"
"5869","57026"
"5869","60682"
"5869","90522"
"5869","131474"
"5869","347735"
"5878","6124"
"5878","6175"
"5878","6181"
"5878","6183"
"5878","6184"
"5878","6455"
"5878","6836"
"5878","9149"
"5878","9230"
"5878","9296"
"5878","10092"
"5878","10347"
"5878","10567"
"5878","23616"
"5878","23708"
"5878","26517"
"5878","29920"
"5878","29927"
"5878","51024"
"5878","51160"
"5878","55114"
"5878","57026"
"5878","60682"
"5878","90522"
"5878","347735"
"5905","6129"
"5905","6135"
"5905","6138"
"5905","6157"
"5905","6168"
"5905","6203"
"5905","6241"
"5905","8175"
"5905","8841"
"5905","9045"
"5905","10095"
"5905","10514"
"5905","10726"
"5905","23225"
"5905","23234"
"5905","23438"
"5905","23521"
"5905","26517"
"5905","51143"
"5905","56342"
"5905","64946"
"5905","203068"
"5905","347733"
"5971","6156"
"5971","6175"
"5971","6181"
"5971","7124"
"5971","8237"
"5971","8841"
"5971","23633"
"5971","203068"
"5997","8508"
"5997","60675"
"6124","6129"
"6124","6132"
"6124","6134"
"6124","6135"
"6124","6138"
"6124","6141"
"6124","6156"
"6124","6157"
"6124","6161"
"6124","6166"
"6124","6167"
"6124","6168"
"6124","6171"
"6124","6175"
"6124","6181"
"6124","6183"
"6124","6184"
"6124","6187"
"6124","6203"
"6124","6227"
"6124","6228"
"6124","6241"
"6124","6418"
"6124","6604"
"6124","6774"
"6124","6776"
"6124","6836"
"6124","6902"
"6124","7385"
"6124","8192"
"6124","8241"
"6124","8334"
"6124","8428"
"6124","8445"
"6124","8554"
"6124","8672"
"6124","8841"
"6124","9045"
"6124","9219"
"6124","9235"
"6124","9296"
"6124","9377"
"6124","10084"
"6124","10092"
"6124","10095"
"6124","10419"
"6124","10514"
"6124","10567"
"6124","10726"
"6124","11180"
"6124","11224"
"6124","11333"
"6124","23016"
"6124","23198"
"6124","23225"
"6124","23234"
"6124","23293"
"6124","23326"
"6124","23438"
"6124","23521"
"6124","23633"
"6124","23640"
"6124","23708"
"6124","26517"
"6124","29882"
"6124","29894"
"6124","29920"
"6124","29927"
"6124","50628"
"6124","51010"
"6124","51160"
"6124","51611"
"6124","54623"
"6124","54758"
"6124","54926"
"6124","54948"
"6124","55114"
"6124","56341"
"6124","56342"
"6124","56915"
"6124","56949"
"6124","57187"
"6124","57819"
"6124","60682"
"6124","63875"
"6124","64951"
"6124","79031"
"6124","80198"
"6124","117246"
"6124","126003"
"6124","203068"
"6124","219927"
"6124","221613"
"6124","246721"
"6124","283989"
"6124","284996"
"6124","347733"
"6129","6132"
"6129","6134"
"6129","6135"
"6129","6138"
"6129","6141"
"6129","6156"
"6129","6157"
"6129","6161"
"6129","6166"
"6129","6167"
"6129","6168"
"6129","6171"
"6129","6175"
"6129","6181"
"6129","6183"
"6129","6184"
"6129","6187"
"6129","6203"
"6129","6227"
"6129","6228"
"6129","6241"
"6129","6418"
"6129","6455"
"6129","7385"
"6129","8192"
"6129","8241"
"6129","8334"
"6129","8428"
"6129","8445"
"6129","8554"
"6129","9045"
"6129","9189"
"6129","9219"
"6129","10092"
"6129","10419"
"6129","10514"
"6129","11180"
"6129","11224"
"6129","11333"
"6129","23016"
"6129","23234"
"6129","23293"
"6129","23438"
"6129","23521"
"6129","23708"
"6129","25979"
"6129","26517"
"6129","29894"
"6129","29920"
"6129","29927"
"6129","51160"
"6129","51611"
"6129","54948"
"6129","56341"
"6129","56342"
"6129","57187"
"6129","57819"
"6129","63875"
"6129","64951"
"6129","79031"
"6129","80198"
"6129","117246"
"6129","126003"
"6129","203068"
"6129","219927"
"6129","221613"
"6129","246721"
"6129","347733"
"6132","6134"
"6132","6135"
"6132","6138"
"6132","6141"
"6132","6156"
"6132","6157"
"6132","6161"
"6132","6166"
"6132","6167"
"6132","6168"
"6132","6171"
"6132","6175"
"6132","6181"
"6132","6183"
"6132","6184"
"6132","6187"
"6132","6203"
"6132","6227"
"6132","6228"
"6132","6241"
"6132","6418"
"6132","6510"
"6132","6902"
"6132","7385"
"6132","8192"
"6132","8241"
"6132","8334"
"6132","8554"
"6132","8841"
"6132","9045"
"6132","9219"
"6132","9377"
"6132","10095"
"6132","10101"
"6132","10419"
"6132","10514"
"6132","10726"
"6132","11224"
"6132","11333"
"6132","11337"
"6132","23016"
"6132","23234"
"6132","23293"
"6132","23438"
"6132","23521"
"6132","23708"
"6132","25828"
"6132","25979"
"6132","29894"
"6132","29920"
"6132","29927"
"6132","50628"
"6132","51160"
"6132","51611"
"6132","54758"
"6132","54935"
"6132","54948"
"6132","55349"
"6132","56342"
"6132","57187"
"6132","63875"
"6132","64951"
"6132","117246"
"6132","122704"
"6132","203068"
"6132","219927"
"6132","221613"
"6132","246721"
"6132","284996"
"6132","347733"
"6134","6135"
"6134","6138"
"6134","6141"
"6134","6156"
"6134","6157"
"6134","6161"
"6134","6166"
"6134","6167"
"6134","6168"
"6134","6171"
"6134","6175"
"6134","6181"
"6134","6183"
"6134","6184"
"6134","6187"
"6134","6203"
"6134","6227"
"6134","6228"
"6134","8334"
"6134","9045"
"6134","10419"
"6134","10514"
"6134","11224"
"6134","23438"
"6134","23521"
"6134","23708"
"6134","26517"
"6134","29920"
"6134","29927"
"6134","51010"
"6134","56342"
"6134","56915"
"6134","63875"
"6134","117246"
"6134","126003"
"6134","203068"
"6134","221613"
"6134","246721"
"6135","6138"
"6135","6141"
"6135","6156"
"6135","6157"
"6135","6161"
"6135","6166"
"6135","6167"
"6135","6168"
"6135","6171"
"6135","6175"
"6135","6181"
"6135","6183"
"6135","6184"
"6135","6187"
"6135","6203"
"6135","6227"
"6135","6228"
"6135","6241"
"6135","6418"
"6135","6455"
"6135","6774"
"6135","6836"
"6135","6902"
"6135","8241"
"6135","8334"
"6135","8554"
"6135","8841"
"6135","9045"
"6135","9189"
"6135","9219"
"6135","10092"
"6135","10095"
"6135","10419"
"6135","10514"
"6135","10726"
"6135","10844"
"6135","11224"
"6135","23016"
"6135","23234"
"6135","23293"
"6135","23438"
"6135","23521"
"6135","23708"
"6135","26517"
"6135","29894"
"6135","29920"
"6135","29927"
"6135","50628"
"6135","51010"
"6135","51247"
"6135","51611"
"6135","51690"
"6135","54948"
"6135","55114"
"6135","56259"
"6135","56341"
"6135","56342"
"6135","56915"
"6135","56949"
"6135","57187"
"6135","57819"
"6135","63875"
"6135","64951"
"6135","79031"
"6135","80198"
"6135","80736"
"6135","117246"
"6135","126003"
"6135","203068"
"6135","219927"
"6135","221613"
"6135","246721"
"6135","284996"
"6138","6141"
"6138","6156"
"6138","6157"
"6138","6161"
"6138","6166"
"6138","6167"
"6138","6168"
"6138","6171"
"6138","6175"
"6138","6181"
"6138","6184"
"6138","6187"
"6138","6203"
"6138","6227"
"6138","6228"
"6138","6241"
"6138","6418"
"6138","8334"
"6138","9045"
"6138","10419"
"6138","10514"
"6138","11224"
"6138","11337"
"6138","23016"
"6138","23234"
"6138","23293"
"6138","23438"
"6138","23521"
"6138","23708"
"6138","26517"
"6138","29920"
"6138","29927"
"6138","50628"
"6138","54948"
"6138","56341"
"6138","56342"
"6138","63875"
"6138","117246"
"6138","126003"
"6138","203068"
"6138","219927"
"6138","221613"
"6138","246721"
"6141","6156"
"6141","6157"
"6141","6161"
"6141","6166"
"6141","6167"
"6141","6168"
"6141","6171"
"6141","6175"
"6141","6181"
"6141","6184"
"6141","6187"
"6141","6203"
"6141","6227"
"6141","6228"
"6141","6241"
"6141","6418"
"6141","8334"
"6141","8554"
"6141","9045"
"6141","9219"
"6141","9296"
"6141","9377"
"6141","10092"
"6141","10095"
"6141","10419"
"6141","10514"
"6141","11224"
"6141","11337"
"6141","23016"
"6141","23234"
"6141","23438"
"6141","23521"
"6141","23640"
"6141","23708"
"6141","25979"
"6141","26517"
"6141","29920"
"6141","29927"
"6141","50628"
"6141","51010"
"6141","51611"
"6141","56341"
"6141","56342"
"6141","57187"
"6141","63875"
"6141","117246"
"6141","122704"
"6141","203068"
"6141","219927"
"6156","6157"
"6156","6161"
"6156","6166"
"6156","6167"
"6156","6168"
"6156","6171"
"6156","6175"
"6156","6181"
"6156","6183"
"6156","6184"
"6156","6187"
"6156","6203"
"6156","6227"
"6156","6228"
"6156","6418"
"6156","8334"
"6156","8554"
"6156","8672"
"6156","9045"
"6156","9189"
"6156","10092"
"6156","10514"
"6156","11224"
"6156","23016"
"6156","23293"
"6156","23438"
"6156","23521"
"6156","23708"
"6156","26517"
"6156","29920"
"6156","54948"
"6156","55114"
"6156","56342"
"6156","79031"
"6156","80198"
"6156","117246"
"6156","126003"
"6156","203068"
"6156","246721"
"6157","6161"
"6157","6166"
"6157","6167"
"6157","6168"
"6157","6171"
"6157","6175"
"6157","6181"
"6157","6183"
"6157","6184"
"6157","6187"
"6157","6203"
"6157","6227"
"6157","6228"
"6157","6418"
"6157","8241"
"6157","8334"
"6157","9045"
"6157","10419"
"6157","10514"
"6157","11224"
"6157","11333"
"6157","23234"
"6157","23293"
"6157","23438"
"6157","23521"
"6157","23708"
"6157","26517"
"6157","29920"
"6157","29927"
"6157","51160"
"6157","51611"
"6157","54948"
"6157","56341"
"6157","56342"
"6157","57187"
"6157","63875"
"6157","80198"
"6157","117246"
"6157","126003"
"6157","203068"
"6157","219927"
"6157","221613"
"6157","246721"
"6157","347733"
"6161","6166"
"6161","6167"
"6161","6168"
"6161","6171"
"6161","6175"
"6161","6181"
"6161","6183"
"6161","6184"
"6161","6187"
"6161","6203"
"6161","6227"
"6161","6228"
"6161","6418"
"6161","8334"
"6161","9045"
"6161","9051"
"6161","10095"
"6161","10419"
"6161","10514"
"6161","11224"
"6161","11337"
"6161","23234"
"6161","23293"
"6161","23438"
"6161","23521"
"6161","23708"
"6161","26517"
"6161","29920"
"6161","29927"
"6161","51010"
"6161","51160"
"6161","51611"
"6161","51690"
"6161","54948"
"6161","56342"
"6161","57187"
"6161","63875"
"6161","64951"
"6161","79031"
"6161","80198"
"6161","117246"
"6161","122704"
"6161","126003"
"6161","203068"
"6161","219927"
"6161","221613"
"6161","246721"
"6166","6167"
"6166","6168"
"6166","6171"
"6166","6175"
"6166","6181"
"6166","6183"
"6166","6187"
"6166","6203"
"6166","6227"
"6166","6228"
"6166","6902"
"6166","8334"
"6166","9045"
"6166","9296"
"6166","10092"
"6166","10095"
"6166","10101"
"6166","10514"
"6166","10726"
"6166","11224"
"6166","23016"
"6166","23234"
"6166","23438"
"6166","23521"
"6166","26517"
"6166","29927"
"6166","51010"
"6166","51611"
"6166","54948"
"6166","56341"
"6166","56342"
"6166","63875"
"6166","117246"
"6166","219927"
"6167","6168"
"6167","6171"
"6167","6175"
"6167","6181"
"6167","6184"
"6167","6187"
"6167","6203"
"6167","6227"
"6167","6228"
"6167","6418"
"6167","6902"
"6167","8334"
"6167","8878"
"6167","9045"
"6167","11224"
"6167","23234"
"6167","23293"
"6167","23438"
"6167","23521"
"6167","23708"
"6167","26517"
"6167","51690"
"6167","54948"
"6167","56342"
"6167","57819"
"6167","63875"
"6167","64951"
"6167","219927"
"6167","221613"
"6168","6171"
"6168","6175"
"6168","6181"
"6168","6183"
"6168","6184"
"6168","6187"
"6168","6203"
"6168","6227"
"6168","6228"
"6168","8334"
"6168","9045"
"6168","9051"
"6168","10514"
"6168","11224"
"6168","11337"
"6168","23016"
"6168","23234"
"6168","23293"
"6168","23438"
"6168","23521"
"6168","23708"
"6168","29927"
"6168","51010"
"6168","51611"
"6168","54948"
"6168","56915"
"6168","63875"
"6168","64951"
"6168","117246"
"6171","6175"
"6171","6181"
"6171","6184"
"6171","6187"
"6171","6203"
"6171","6227"
"6171","6228"
"6171","9045"
"6171","11224"
"6171","23293"
"6171","23521"
"6175","6181"
"6175","6183"
"6175","6184"
"6175","6187"
"6175","6203"
"6175","6227"
"6175","6228"
"6175","6241"
"6175","6418"
"6175","6455"
"6175","6510"
"6175","6836"
"6175","7374"
"6175","8192"
"6175","8241"
"6175","8334"
"6175","8428"
"6175","8445"
"6175","8841"
"6175","9045"
"6175","9112"
"6175","9189"
"6175","9219"
"6175","9296"
"6175","10092"
"6175","10095"
"6175","10419"
"6175","10437"
"6175","10514"
"6175","10726"
"6175","11224"
"6175","11337"
"6175","23082"
"6175","23225"
"6175","23234"
"6175","23293"
"6175","23438"
"6175","23521"
"6175","23640"
"6175","23708"
"6175","26517"
"6175","29894"
"6175","29920"
"6175","29927"
"6175","50628"
"6175","51010"
"6175","51690"
"6175","54623"
"6175","54948"
"6175","55114"
"6175","56259"
"6175","56341"
"6175","56342"
"6175","56915"
"6175","56949"
"6175","57187"
"6175","57819"
"6175","63875"
"6175","64951"
"6175","79031"
"6175","80198"
"6175","90850"
"6175","117246"
"6175","126003"
"6175","203068"
"6175","221613"
"6175","246721"
"6175","347733"
"6181","6183"
"6181","6184"
"6181","6187"
"6181","6203"
"6181","6227"
"6181","6228"
"6181","6241"
"6181","6418"
"6181","6455"
"6181","6836"
"6181","6902"
"6181","7385"
"6181","8078"
"6181","8192"
"6181","8334"
"6181","8428"
"6181","8625"
"6181","8841"
"6181","9045"
"6181","9189"
"6181","9219"
"6181","9296"
"6181","9377"
"6181","10092"
"6181","10095"
"6181","10419"
"6181","10514"
"6181","10567"
"6181","10726"
"6181","10844"
"6181","11224"
"6181","11337"
"6181","23225"
"6181","23293"
"6181","23438"
"6181","23521"
"6181","23640"
"6181","23708"
"6181","26517"
"6181","29882"
"6181","29894"
"6181","29920"
"6181","29927"
"6181","51010"
"6181","51024"
"6181","51160"
"6181","51411"
"6181","51690"
"6181","54623"
"6181","54758"
"6181","54926"
"6181","54948"
"6181","55114"
"6181","55748"
"6181","56341"
"6181","56342"
"6181","56915"
"6181","56949"
"6181","57048"
"6181","57187"
"6181","57819"
"6181","63875"
"6181","63922"
"6181","64951"
"6181","79031"
"6181","80198"
"6181","117246"
"6181","122704"
"6181","126003"
"6181","203068"
"6181","219927"
"6181","221613"
"6181","246721"
"6181","283989"
"6183","6187"
"6183","6203"
"6183","7385"
"6183","8192"
"6183","9045"
"6183","9377"
"6183","10726"
"6183","11224"
"6183","23521"
"6183","25828"
"6183","26517"
"6183","27089"
"6183","29927"
"6183","54948"
"6183","63875"
"6183","64951"
"6183","80198"
"6183","122704"
"6183","126003"
"6184","6187"
"6184","6203"
"6184","6228"
"6184","6241"
"6184","6418"
"6184","6455"
"6184","6510"
"6184","6836"
"6184","6902"
"6184","7360"
"6184","7385"
"6184","7922"
"6184","9045"
"6184","9189"
"6184","9230"
"6184","9296"
"6184","9583"
"6184","10092"
"6184","10095"
"6184","10419"
"6184","10514"
"6184","10554"
"6184","10844"
"6184","10956"
"6184","11224"
"6184","23225"
"6184","23438"
"6184","23521"
"6184","23708"
"6184","25979"
"6184","26517"
"6184","29920"
"6184","29927"
"6184","51010"
"6184","51160"
"6184","56342"
"6184","56949"
"6184","59307"
"6184","63875"
"6184","63922"
"6184","79031"
"6184","80198"
"6184","80736"
"6184","90522"
"6184","126003"
"6184","203068"
"6184","246721"
"6187","6203"
"6187","6227"
"6187","6228"
"6187","6241"
"6187","6418"
"6187","6902"
"6187","7114"
"6187","7385"
"6187","8192"
"6187","8241"
"6187","8334"
"6187","8428"
"6187","8445"
"6187","8554"
"6187","8673"
"6187","8841"
"6187","9045"
"6187","9112"
"6187","9189"
"6187","9219"
"6187","10095"
"6187","10419"
"6187","10514"
"6187","11224"
"6187","11337"
"6187","23016"
"6187","23293"
"6187","23438"
"6187","23521"
"6187","23708"
"6187","25828"
"6187","26517"
"6187","29920"
"6187","29927"
"6187","50628"
"6187","51010"
"6187","51142"
"6187","51477"
"6187","51611"
"6187","51690"
"6187","54948"
"6187","55114"
"6187","56341"
"6187","56342"
"6187","56915"
"6187","56949"
"6187","57187"
"6187","63875"
"6187","64951"
"6187","79031"
"6187","80198"
"6187","81611"
"6187","89941"
"6187","117246"
"6187","122704"
"6187","126003"
"6187","203068"
"6187","219927"
"6187","221613"
"6187","246721"
"6187","284996"
"6203","6227"
"6203","6228"
"6203","6241"
"6203","6418"
"6203","6774"
"6203","6902"
"6203","8241"
"6203","8334"
"6203","8428"
"6203","8672"
"6203","8841"
"6203","9045"
"6203","9189"
"6203","9219"
"6203","9296"
"6203","9377"
"6203","10092"
"6203","10095"
"6203","10419"
"6203","10514"
"6203","11180"
"6203","11224"
"6203","23016"
"6203","23234"
"6203","23438"
"6203","23521"
"6203","23708"
"6203","26517"
"6203","29882"
"6203","29894"
"6203","29920"
"6203","29927"
"6203","50628"
"6203","51010"
"6203","51477"
"6203","51690"
"6203","54948"
"6203","55114"
"6203","56341"
"6203","56342"
"6203","56915"
"6203","56949"
"6203","57187"
"6203","57819"
"6203","63875"
"6203","63922"
"6203","80198"
"6203","117246"
"6203","126003"
"6203","203068"
"6203","221613"
"6203","246721"
"6203","283989"
"6203","284996"
"6227","6228"
"6227","9045"
"6227","11224"
"6227","23521"
"6228","6241"
"6228","6418"
"6228","6902"
"6228","8241"
"6228","8334"
"6228","8428"
"6228","8554"
"6228","9045"
"6228","9296"
"6228","10092"
"6228","10095"
"6228","10419"
"6228","10514"
"6228","11224"
"6228","11337"
"6228","23016"
"6228","23234"
"6228","23293"
"6228","23438"
"6228","23521"
"6228","23708"
"6228","26517"
"6228","27089"
"6228","29894"
"6228","29920"
"6228","29927"
"6228","51010"
"6228","51142"
"6228","51160"
"6228","51611"
"6228","54948"
"6228","56341"
"6228","56342"
"6228","57819"
"6228","63875"
"6228","64951"
"6228","117246"
"6228","219927"
"6228","221613"
"6228","246721"
"6241","6418"
"6241","8428"
"6241","8570"
"6241","9045"
"6241","10714"
"6241","10726"
"6241","11224"
"6241","23234"
"6241","56342"
"6241","57819"
"6241","64946"
"6241","80198"
"6241","80736"
"6241","203068"
"6279","6283"
"6279","57402"
"6297","7023"
"6344","51181"
"6344","79924"
"6391","7385"
"6391","8192"
"6391","9167"
"6391","9377"
"6391","25828"
"6391","26517"
"6391","27089"
"6391","51142"
"6391","54539"
"6391","55114"
"6391","63875"
"6402","7124"
"6402","7852"
"6418","6604"
"6418","6902"
"6418","7360"
"6418","8570"
"6418","8741"
"6418","8841"
"6418","9013"
"6418","9045"
"6418","9112"
"6418","9219"
"6418","10092"
"6418","10419"
"6418","10514"
"6418","10726"
"6418","11224"
"6418","11333"
"6418","23016"
"6418","23225"
"6418","23234"
"6418","23438"
"6418","23521"
"6418","26517"
"6418","29882"
"6418","29894"
"6418","51010"
"6418","51611"
"6418","54623"
"6418","56342"
"6418","56915"
"6418","56949"
"6418","57819"
"6418","80198"
"6418","117246"
"6455","6836"
"6455","9045"
"6455","9112"
"6455","10092"
"6455","10491"
"6455","11337"
"6455","26517"
"6455","29882"
"6455","29894"
"6455","51160"
"6455","51411"
"6455","54926"
"6455","56342"
"6455","56904"
"6455","57048"
"6455","57819"
"6455","89941"
"6496","9112"
"6496","9355"
"6504","23495"
"6510","6520"
"6510","11224"
"6510","29927"
"6520","6774"
"6569","9351"
"6604","6667"
"6604","6794"
"6604","6910"
"6604","8570"
"6604","8841"
"6604","10514"
"6604","23309"
"6604","54623"
"6604","80198"
"6604","116138"
"6614","6693"
"6654","7066"
"6654","7450"
"6654","8440"
"6654","9886"
"6654","10817"
"6654","55114"
"6654","64333"
"6654","89941"
"6667","6722"
"6667","6774"
"6667","6886"
"6667","7023"
"6667","7584"
"6667","8841"
"6667","27113"
"6667","57187"
"6678","7114"
"6678","7423"
"6678","7450"
"6678","23166"
"6688","6774"
"6688","6776"
"6688","7124"
"6688","7409"
"6688","8841"
"6688","161882"
"6722","8841"
"6725","80895"
"6774","6775"
"6774","6776"
"6774","7066"
"6774","7707"
"6774","7852"
"6774","8554"
"6774","8651"
"6774","8841"
"6774","9077"
"6774","9112"
"6774","10401"
"6774","11224"
"6774","23326"
"6774","23633"
"6774","29927"
"6774","203068"
"6775","8554"
"6776","7066"
"6776","7852"
"6776","8554"
"6776","8651"
"6776","8841"
"6776","8878"
"6776","10401"
"6776","161882"
"6794","7249"
"6794","8237"
"6794","11180"
"6794","51719"
"6794","80895"
"6794","84446"
"6836","7922"
"6836","9045"
"6836","9583"
"6836","10095"
"6836","10567"
"6836","23633"
"6836","23708"
"6836","26517"
"6836","29927"
"6836","51010"
"6836","51160"
"6836","57048"
"6836","59286"
"6836","60682"
"6836","90522"
"6836","90850"
"6836","94103"
"6836","126003"
"6902","8841"
"6902","10092"
"6902","10200"
"6902","10726"
"6902","11224"
"6902","26517"
"6902","56342"
"6902","56949"
"6902","57819"
"6902","59286"
"6902","80198"
"6902","126003"
"6902","203068"
"6902","347733"
"6910","60529"
"7023","7024"
"7023","10726"
"7023","23309"
"7024","11337"
"7067","8841"
"7114","7423"
"7114","7450"
"7124","8737"
"7124","10318"
"7135","7136"
"7135","7139"
"7135","7140"
"7135","7169"
"7135","8557"
"7136","7139"
"7136","7140"
"7136","7169"
"7136","8557"
"7139","7169"
"7140","7169"
"7140","8557"
"7161","8554"
"7161","10188"
"7169","8557"
"7188","8737"
"7188","8741"
"7188","23495"
"7249","11070"
"7249","64837"
"7301","10318"
"7301","80895"
"7335","8737"
"7360","9583"
"7360","10726"
"7360","23708"
"7360","29920"
"7360","51719"
"7360","60682"
"7360","80736"
"7374","23234"
"7374","27301"
"7374","56259"
"7374","131474"
"7374","203068"
"7385","8192"
"7385","8508"
"7385","9167"
"7385","9377"
"7385","11224"
"7385","25979"
"7385","26517"
"7385","27089"
"7385","29927"
"7385","51142"
"7385","54539"
"7385","54926"
"7385","55278"
"7385","63875"
"7385","64951"
"7385","131474"
"7385","374291"
"7409","7852"
"7409","8651"
"7409","27040"
"7409","203068"
"7423","7450"
"7450","11093"
"7450","23038"
"7473","7480"
"7473","7481"
"7480","7481"
"7480","8841"
"7584","90850"
"7707","8841"
"7783","7784"
"7852","8651"
"7852","10636"
"7852","283869"
"7922","29927"
"8045","8440"
"8175","8241"
"8175","10084"
"8175","29894"
"8175","56259"
"8175","56949"
"8175","57819"
"8175","80198"
"8175","117246"
"8192","8508"
"8192","9112"
"8192","9377"
"8192","10726"
"8192","11224"
"8192","23234"
"8192","23438"
"8192","23640"
"8192","25828"
"8192","26517"
"8192","29927"
"8192","54539"
"8192","54948"
"8192","56915"
"8192","57819"
"8192","63875"
"8192","64951"
"8192","84266"
"8192","203068"
"8192","374291"
"8214","9189"
"8237","9149"
"8237","23633"
"8237","29927"
"8241","9045"
"8241","9883"
"8241","10419"
"8241","10514"
"8241","11224"
"8241","11333"
"8241","23326"
"8241","23521"
"8241","29894"
"8241","51690"
"8241","56949"
"8241","117246"
"8241","203068"
"8334","9045"
"8334","10419"
"8334","10514"
"8334","11224"
"8334","23521"
"8334","23708"
"8334","29894"
"8334","56341"
"8334","56342"
"8334","56949"
"8334","57819"
"8334","63875"
"8334","203068"
"8334","221613"
"8428","9045"
"8428","11224"
"8428","51719"
"8428","203068"
"8440","10092"
"8440","10095"
"8440","10188"
"8440","28964"
"8459","11337"
"8459","284996"
"8508","8878"
"8508","9377"
"8541","10076"
"8541","28964"
"8554","9045"
"8554","51322"
"8570","10726"
"8570","23016"
"8570","29894"
"8570","51010"
"8570","56915"
"8570","56949"
"8651","11040"
"8672","10419"
"8672","10514"
"8672","23633"
"8672","23708"
"8672","29894"
"8672","56342"
"8672","56949"
"8672","57187"
"8672","90850"
"8673","10437"
"8673","11337"
"8673","29927"
"8673","51272"
"8737","8878"
"8737","9099"
"8737","26133"
"8737","80895"
"8737","203068"
"8741","23495"
"8819","8841"
"8819","9112"
"8819","9219"
"8819","23309"
"8819","64426"
"8819","283248"
"8841","9031"
"8841","9045"
"8841","9112"
"8841","9219"
"8841","10419"
"8841","10514"
"8841","10726"
"8841","10844"
"8841","11224"
"8841","11333"
"8841","22907"
"8841","23016"
"8841","23309"
"8841","23326"
"8841","29894"
"8841","57819"
"8841","64426"
"8841","80198"
"8841","116138"
"8841","117246"
"8841","203068"
"8841","221613"
"8878","8994"
"8878","10188"
"8878","11337"
"8878","50628"
"8888","10419"
"8888","29894"
"8888","56259"
"8928","10589"
"8928","60529"
"8993","23640"
"8994","90850"
"9013","9112"
"9013","9219"
"9031","10514"
"9031","23309"
"9031","23326"
"9031","90850"
"9045","10092"
"9045","10095"
"9045","10419"
"9045","10514"
"9045","11224"
"9045","11333"
"9045","11337"
"9045","23016"
"9045","23225"
"9045","23234"
"9045","23293"
"9045","23438"
"9045","23521"
"9045","23708"
"9045","26517"
"9045","29894"
"9045","29920"
"9045","29927"
"9045","50628"
"9045","51160"
"9045","51611"
"9045","51690"
"9045","54948"
"9045","56341"
"9045","56342"
"9045","57187"
"9045","63875"
"9045","64951"
"9045","79031"
"9045","80198"
"9045","90850"
"9045","117246"
"9045","122704"
"9045","126003"
"9045","203068"
"9045","219927"
"9045","221613"
"9045","246721"
"9051","10095"
"9051","11224"
"9051","203068"
"9074","27134"
"9088","29894"
"9091","9487"
"9099","80128"
"9099","84108"
"9099","90850"
"9112","9219"
"9112","10714"
"9112","10726"
"9112","23309"
"9112","23326"
"9112","26517"
"9112","29894"
"9112","64426"
"9112","161882"
"9112","283248"
"9132","23416"
"9149","11180"
"9149","221937"
"9167","9377"
"9167","26517"
"9167","27089"
"9167","54539"
"9189","10095"
"9189","29882"
"9189","54623"
"9189","55222"
"9189","56915"
"9189","57819"
"9189","80198"
"9189","117246"
"9189","203068"
"9219","10200"
"9219","10419"
"9219","10714"
"9219","10726"
"9219","11224"
"9219","23309"
"9219","56949"
"9219","161882"
"9219","203068"
"9219","283248"
"9219","283989"
"9230","10567"
"9230","23708"
"9230","90522"
"9296","9583"
"9296","10726"
"9296","11337"
"9296","23708"
"9296","26517"
"9296","29920"
"9296","55114"
"9296","56342"
"9296","60682"
"9296","79031"
"9296","126003"
"9377","11224"
"9377","11337"
"9377","23038"
"9377","23640"
"9377","25979"
"9377","26517"
"9377","27089"
"9377","51024"
"9377","51142"
"9377","54539"
"9377","54926"
"9377","54948"
"9377","63875"
"9377","64951"
"9377","126003"
"9377","374291"
"9404","9883"
"9415","64600"
"9583","10567"
"9583","23309"
"9583","29927"
"9583","56953"
"9583","60682"
"9583","126003"
"9663","55114"
"9883","10514"
"9883","56342"
"9883","203068"
"9886","27237"
"9886","55114"
"9886","64333"
"9886","89846"
"9886","89941"
"9973","26517"
"9973","51160"
"9973","54539"
"10078","56949"
"10092","10093"
"10092","10095"
"10092","11337"
"10092","23521"
"10092","79031"
"10092","79180"
"10092","203068"
"10093","10095"
"10095","11224"
"10095","23521"
"10095","29894"
"10095","29920"
"10095","55114"
"10095","57048"
"10095","79031"
"10095","79180"
"10095","80198"
"10095","126003"
"10095","203068"
"10101","10726"
"10101","26517"
"10101","54926"
"10101","54948"
"10200","23016"
"10200","51010"
"10200","56915"
"10318","10567"
"10360","25828"
"10360","117246"
"10401","50628"
"10419","10514"
"10419","10726"
"10419","10844"
"10419","11224"
"10419","11333"
"10419","23016"
"10419","23225"
"10419","23234"
"10419","23309"
"10419","23521"
"10419","23708"
"10419","26517"
"10419","29894"
"10419","29920"
"10419","50628"
"10419","51611"
"10419","56259"
"10419","56341"
"10419","56342"
"10419","56915"
"10419","56949"
"10419","57187"
"10419","57819"
"10419","79760"
"10419","80198"
"10419","84446"
"10419","90850"
"10419","117246"
"10419","126003"
"10419","203068"
"10419","221613"
"10419","221937"
"10437","11337"
"10467","26517"
"10467","51160"
"10491","56904"
"10491","60681"
"10514","10726"
"10514","10844"
"10514","11180"
"10514","11224"
"10514","22907"
"10514","23016"
"10514","23309"
"10514","23521"
"10514","26517"
"10514","29882"
"10514","29894"
"10514","29920"
"10514","50628"
"10514","51010"
"10514","54623"
"10514","56342"
"10514","56915"
"10514","56949"
"10514","63922"
"10514","79760"
"10514","80198"
"10514","90850"
"10514","117246"
"10514","126003"
"10514","203068"
"10554","203068"
"10567","11070"
"10567","25828"
"10567","29907"
"10567","56904"
"10567","90522"
"10567","126003"
"10589","23640"
"10636","283869"
"10714","23234"
"10714","64946"
"10714","117246"
"10726","10844"
"10726","11224"
"10726","11337"
"10726","23016"
"10726","23038"
"10726","23234"
"10726","23326"
"10726","23640"
"10726","26133"
"10726","26517"
"10726","29882"
"10726","29894"
"10726","51010"
"10726","51143"
"10726","54623"
"10726","54948"
"10726","56915"
"10726","56949"
"10726","57819"
"10726","64946"
"10726","79016"
"10726","79228"
"10726","80198"
"10726","117246"
"10726","122704"
"10726","131474"
"10726","203068"
"10844","56342"
"10844","63922"
"10844","80198"
"10844","126003"
"10844","203068"
"10844","347733"
"10956","23225"
"10956","29927"
"11040","80895"
"11180","26517"
"11180","29894"
"11180","117246"
"11180","147746"
"11224","11333"
"11224","11337"
"11224","23016"
"11224","23225"
"11224","23234"
"11224","23293"
"11224","23438"
"11224","23521"
"11224","23640"
"11224","23708"
"11224","25828"
"11224","26517"
"11224","29882"
"11224","29894"
"11224","29920"
"11224","29927"
"11224","50628"
"11224","51010"
"11224","51160"
"11224","51690"
"11224","54623"
"11224","54948"
"11224","56259"
"11224","56915"
"11224","56949"
"11224","57187"
"11224","57819"
"11224","63875"
"11224","64951"
"11224","117246"
"11224","203068"
"11224","219927"
"11224","221613"
"11224","246721"
"11224","284996"
"11224","347733"
"11333","26517"
"11337","23102"
"11337","25828"
"11337","29927"
"11337","51024"
"11337","51160"
"11337","54926"
"11337","203068"
"22907","29894"
"23016","26517"
"23016","29894"
"23016","51010"
"23016","51611"
"23016","54623"
"23016","56342"
"23016","56915"
"23016","56949"
"23016","57819"
"23016","80198"
"23016","117246"
"23038","79016"
"23198","23326"
"23198","29882"
"23198","29927"
"23198","55114"
"23198","80198"
"23198","90850"
"23225","23521"
"23225","29894"
"23225","50628"
"23225","56915"
"23225","79760"
"23234","23438"
"23234","51611"
"23234","81611"
"23234","117246"
"23234","219927"
"23293","23521"
"23293","116138"
"23309","23326"
"23309","23633"
"23309","29894"
"23309","56949"
"23309","57187"
"23309","64426"
"23309","80198"
"23309","83855"
"23309","90850"
"23309","221937"
"23309","283248"
"23326","23616"
"23326","23708"
"23326","26517"
"23326","55114"
"23326","56970"
"23326","57026"
"23326","80198"
"23326","126003"
"23326","127002"
"23396","28964"
"23438","23521"
"23438","23708"
"23438","29894"
"23438","29920"
"23438","54758"
"23438","54948"
"23438","56342"
"23438","56949"
"23438","79031"
"23438","80198"
"23438","90850"
"23438","117246"
"23438","126003"
"23438","203068"
"23438","347733"
"23521","23708"
"23521","26517"
"23521","29894"
"23521","29920"
"23521","29927"
"23521","50628"
"23521","51690"
"23521","54948"
"23521","56341"
"23521","56342"
"23521","56949"
"23521","57187"
"23521","63875"
"23521","79031"
"23521","80198"
"23521","117246"
"23521","126003"
"23521","203068"
"23521","219927"
"23521","221613"
"23521","246721"
"23521","284996"
"23616","59286"
"23633","23708"
"23633","29920"
"23633","51010"
"23633","56342"
"23633","56915"
"23633","57187"
"23633","79031"
"23633","80198"
"23640","25979"
"23640","26517"
"23640","203068"
"23708","26517"
"23708","29894"
"23708","29920"
"23708","51010"
"23708","54039"
"23708","54758"
"23708","54926"
"23708","56341"
"23708","56342"
"23708","56915"
"23708","56949"
"23708","57187"
"23708","57819"
"23708","60682"
"23708","79031"
"23708","117246"
"23708","246721"
"25798","80762"
"25828","26517"
"25828","64951"
"25828","84266"
"25979","29927"
"26133","79016"
"26517","27089"
"26517","29882"
"26517","29894"
"26517","29920"
"26517","29927"
"26517","51010"
"26517","51024"
"26517","51160"
"26517","51690"
"26517","51719"
"26517","54539"
"26517","54623"
"26517","54948"
"26517","56341"
"26517","56342"
"26517","56904"
"26517","56915"
"26517","56949"
"26517","57187"
"26517","57819"
"26517","59286"
"26517","63875"
"26517","64951"
"26517","80198"
"26517","89941"
"26517","90522"
"26517","90850"
"26517","113675"
"26517","117246"
"26517","122704"
"26517","126003"
"26517","131474"
"26517","203068"
"26517","219927"
"26517","246721"
"26517","374291"
"27033","57474"
"27089","51024"
"27089","51142"
"27089","54539"
"27089","63875"
"27089","64951"
"27089","122704"
"27089","374291"
"27130","29882"
"27237","55114"
"27237","64333"
"27237","89941"
"27301","80198"
"29882","29894"
"29882","51160"
"29882","54623"
"29882","56342"
"29882","56904"
"29882","56949"
"29882","57187"
"29882","79031"
"29882","80198"
"29882","84108"
"29882","90850"
"29882","117246"
"29882","126003"
"29894","29920"
"29894","54623"
"29894","56259"
"29894","56342"
"29894","56904"
"29894","56915"
"29894","56949"
"29894","57819"
"29894","63922"
"29894","80198"
"29894","90850"
"29894","116138"
"29894","117246"
"29894","126003"
"29894","203068"
"29894","283989"
"29920","29927"
"29920","56341"
"29920","56342"
"29920","56949"
"29920","57187"
"29920","79031"
"29920","90850"
"29920","117246"
"29920","126003"
"29920","203068"
"29920","246721"
"29920","347733"
"29927","54948"
"29927","63875"
"29927","203068"
"50628","79760"
"50628","80198"
"50846","50937"
"51010","56342"
"51010","56915"
"51010","56949"
"51010","57819"
"51010","80198"
"51010","90850"
"51010","117246"
"51024","79031"
"51024","89941"
"51142","54948"
"51142","219927"
"51143","64837"
"51160","55048"
"51160","55114"
"51305","54346"
"51411","55114"
"51540","55748"
"51611","56341"
"51611","56342"
"51611","117246"
"51690","57819"
"51690","59286"
"51690","246721"
"51719","60682"
"51719","84446"
"54539","63875"
"54539","64951"
"54539","89885"
"54539","374291"
"54623","54926"
"54623","56259"
"54623","56342"
"54623","56949"
"54623","80198"
"54623","117246"
"54623","126003"
"54623","283248"
"54758","56342"
"54758","80198"
"54758","117246"
"54758","126003"
"54926","56904"
"54926","80198"
"54926","90850"
"54926","126003"
"54926","151636"
"54948","55278"
"54948","63875"
"54948","64951"
"54948","65108"
"54948","122704"
"54948","203068"
"54948","219927"
"54948","246721"
"55114","56904"
"55114","59286"
"55114","60682"
"55114","89846"
"55114","89941"
"55114","90850"
"56259","56342"
"56259","56949"
"56259","117246"
"56341","56342"
"56341","117246"
"56341","221613"
"56342","56915"
"56342","56949"
"56342","57819"
"56342","63875"
"56342","63922"
"56342","64754"
"56342","80198"
"56342","90850"
"56342","117246"
"56342","126003"
"56342","203068"
"56342","221613"
"56342","246721"
"56915","56949"
"56915","57819"
"56915","80198"
"56915","90850"
"56915","117246"
"56915","126003"
"56949","57819"
"56949","80198"
"56949","90850"
"56949","117246"
"56949","126003"
"56970","127002"
"57026","59286"
"57048","79031"
"57048","80198"
"57187","57819"
"57187","79228"
"57187","80198"
"57187","90850"
"57187","117246"
"57447","64837"
"57819","59286"
"57819","63875"
"57819","79031"
"57819","80198"
"57819","117246"
"57819","126003"
"57819","203068"
"57819","221613"
"57819","246721"
"59286","246721"
"60682","90850"
"63875","64951"
"63875","219927"
"63875","221613"
"63922","80198"
"64333","89846"
"64333","89941"
"64754","80198"
"64951","122704"
"79031","80198"
"79031","117246"
"79031","203068"
"79031","246721"
"79031","347733"
"80198","80736"
"80198","89941"
"80198","117246"
"80198","203068"
"80198","246721"
"80198","283989"
"80736","90522"
"80736","347735"
"83759","117246"
"89846","89941"
"89941","131474"
"89941","374291"
"117246","203068"
"117246","283989"
"119749","125963"
"119749","128372"
"119749","219981"
"122704","219927"
"125963","128372"
"125963","219981"
"126003","203068"
"126003","246721"
"128372","219981"
"203068","347733"
